Date,Visitor,G,Home,G,,Att.,LOG,Notes
2010-10-07,Chicago Blackhawks,3,Colorado Avalanche,4,OT,18007,,
2010-10-07,Calgary Flames,0,Edmonton Oilers,4,,16839,,
2010-10-07,Carolina Hurricanes,4,Minnesota Wild,3,,12355,,at Helsinki FI
2010-10-07,Philadelphia Flyers,3,Pittsburgh Penguins,2,,18289,,
2010-10-07,Montreal Canadiens,2,Toronto Maple Leafs,3,,19646,,
2010-10-08,Washington Capitals,2,Atlanta Thrashers,4,,15596,,
2010-10-08,Minnesota Wild,1,Carolina Hurricanes,2,SO,13465,,at Helsinki FI
2010-10-08,San Jose Sharks,3,Columbus Blue Jackets,2,,11324,,at Stockholm SE
2010-10-08,Anaheim Ducks,0,Detroit Red Wings,4,,20066,,
2010-10-08,Dallas Stars,4,New Jersey Devils,3,OT,17625,,
2010-10-08,Buffalo Sabres,2,Ottawa Senators,1,,19350,,
2010-10-09,Phoenix Coyotes,5,Boston Bruins,2,,15299,,at Prague CZ
2010-10-09,New York Rangers,6,Buffalo Sabres,3,,18690,,
2010-10-09,Detroit Red Wings,3,Chicago Blackhawks,2,,22161,,
2010-10-09,Anaheim Ducks,1,Nashville Predators,4,,17113,,
2010-10-09,Dallas Stars,5,New York Islanders,4,SO,13351,,
2010-10-09,Montreal Canadiens,3,Pittsburgh Penguins,2,,18106,,
2010-10-09,Columbus Blue Jackets,3,San Jose Sharks,2,OT,9537,,at Stockholm SE
2010-10-09,Philadelphia Flyers,1,St. Louis Blues,2,OT,19150,,
2010-10-09,Atlanta Thrashers,3,Tampa Bay Lightning,5,,19791,,
2010-10-09,Ottawa Senators,1,Toronto Maple Leafs,5,,19157,,
2010-10-09,Los Angeles Kings,2,Vancouver Canucks,1,SO,18860,,
2010-10-09,New Jersey Devils,2,Washington Capitals,7,,18398,,
2010-10-10,Los Angeles Kings,1,Calgary Flames,3,,19289,,
2010-10-10,Florida Panthers,2,Edmonton Oilers,3,,16839,,
2010-10-10,Boston Bruins,3,Phoenix Coyotes,0,,12990,,at Prague CZ
2010-10-11,Chicago Blackhawks,4,Buffalo Sabres,3,,17896,,
2010-10-11,Pittsburgh Penguins,3,New Jersey Devils,1,,12880,,
2010-10-11,New York Rangers,4,New York Islanders,6,,11748,,
2010-10-11,Colorado Avalanche,2,Philadelphia Flyers,4,,19652,,
2010-10-11,Anaheim Ducks,1,St. Louis Blues,5,,19150,,
2010-10-11,Florida Panthers,1,Vancouver Canucks,2,,18860,,
2010-10-11,Ottawa Senators,2,Washington Capitals,3,OT,18398,,
2010-10-12,Colorado Avalanche,5,Detroit Red Wings,4,SO,19651,,
2010-10-12,Atlanta Thrashers,1,Los Angeles Kings,3,,18118,,
2010-10-13,Vancouver Canucks,3,Anaheim Ducks,4,,17174,,
2010-10-13,New Jersey Devils,1,Buffalo Sabres,0,OT,18690,,
2010-10-13,Nashville Predators,3,Chicago Blackhawks,2,,20680,,
2010-10-13,Tampa Bay Lightning,4,Montreal Canadiens,3,OT,21273,,
2010-10-13,Toronto Maple Leafs,4,Pittsburgh Penguins,3,,18112,,
2010-10-13,New York Islanders,1,Washington Capitals,2,,18398,,
2010-10-14,Florida Panthers,3,Calgary Flames,0,,19289,,
2010-10-14,Detroit Red Wings,1,Dallas Stars,4,,18532,,
2010-10-14,Edmonton Oilers,2,Minnesota Wild,4,,18449,,
2010-10-14,St. Louis Blues,3,Nashville Predators,4,,15103,,
2010-10-14,Carolina Hurricanes,2,Ottawa Senators,3,,16270,,
2010-10-14,Tampa Bay Lightning,3,Philadelphia Flyers,2,,19592,,
2010-10-15,Atlanta Thrashers,5,Anaheim Ducks,4,SO,13123,,
2010-10-15,Montreal Canadiens,2,Buffalo Sabres,1,,17264,,
2010-10-15,Chicago Blackhawks,5,Columbus Blue Jackets,2,,18305,,
2010-10-15,Vancouver Canucks,1,Los Angeles Kings,4,,18118,,
2010-10-15,Colorado Avalanche,3,New Jersey Devils,2,,12221,,
2010-10-15,Toronto Maple Leafs,4,New York Rangers,3,OT,18200,,
2010-10-15,New York Islanders,2,Pittsburgh Penguins,3,OT,18195,,
2010-10-16,Edmonton Oilers,3,Calgary Flames,5,,19289,,
2010-10-16,Buffalo Sabres,3,Chicago Blackhawks,4,,21293,,
2010-10-16,St. Louis Blues,2,Dallas Stars,3,SO,11750,,
2010-10-16,Tampa Bay Lightning,0,Florida Panthers,6,,17040,,
2010-10-16,Columbus Blue Jackets,3,Minnesota Wild,2,,17336,,
2010-10-16,Ottawa Senators,3,Montreal Canadiens,4,,21273,,
2010-10-16,Boston Bruins,4,New Jersey Devils,1,,13056,,
2010-10-16,Washington Capitals,3,Nashville Predators,2,OT,16144,,
2010-10-16,Colorado Avalanche,2,New York Islanders,5,,10127,,
2010-10-16,Pittsburgh Penguins,5,Philadelphia Flyers,1,,19684,,
2010-10-16,Detroit Red Wings,2,Phoenix Coyotes,1,OT,17125,,
2010-10-16,Atlanta Thrashers,4,San Jose Sharks,2,,17562,,
2010-10-17,Phoenix Coyotes,2,Anaheim Ducks,3,,13574,,
2010-10-17,Carolina Hurricanes,1,Vancouver Canucks,5,,18860,,
2010-10-18,St. Louis Blues,2,Chicago Blackhawks,3,OT,20641,,
2010-10-18,Colorado Avalanche,3,New York Rangers,1,,17711,,
2010-10-18,Ottawa Senators,2,Pittsburgh Penguins,5,,18101,,
2010-10-18,Dallas Stars,4,Tampa Bay Lightning,5,,13277,,
2010-10-18,New York Islanders,2,Toronto Maple Leafs,1,OT,19086,,
2010-10-19,Vancouver Canucks,2,Minnesota Wild,6,,16806,,
2010-10-19,Calgary Flames,1,Nashville Predators,0,OT,15684,,
2010-10-19,Carolina Hurricanes,5,San Jose Sharks,2,,17562,,
2010-10-19,Boston Bruins,3,Washington Capitals,1,,18398,,
2010-10-20,Buffalo Sabres,4,Atlanta Thrashers,1,,8820,,
2010-10-20,Anaheim Ducks,1,Columbus Blue Jackets,3,,9802,,
2010-10-20,Vancouver Canucks,1,Chicago Blackhawks,2,SO,20859,,
2010-10-20,Carolina Hurricanes,3,Los Angeles Kings,4,,17769,,
2010-10-21,Washington Capitals,1,Boston Bruins,4,,17565,,
2010-10-21,San Jose Sharks,4,Colorado Avalanche,2,,12803,,
2010-10-21,Calgary Flames,2,Detroit Red Wings,4,,18399,,
2010-10-21,Minnesota Wild,4,Edmonton Oilers,2,,16839,,
2010-10-21,Dallas Stars,4,Florida Panthers,1,,11580,,
2010-10-21,New Jersey Devils,3,Montreal Canadiens,0,,21273,,
2010-10-21,Pittsburgh Penguins,4,Nashville Predators,3,OT,17113,,
2010-10-21,Anaheim Ducks,3,Philadelphia Flyers,2,,19012,,
2010-10-21,Los Angeles Kings,2,Phoenix Coyotes,4,,6706,,
2010-10-21,New York Islanders,3,Tampa Bay Lightning,2,OT,13333,,
2010-10-21,New York Rangers,2,Toronto Maple Leafs,1,,19310,,
2010-10-22,Tampa Bay Lightning,5,Atlanta Thrashers,2,,9138,,
2010-10-22,Ottawa Senators,4,Buffalo Sabres,2,,18009,,
2010-10-22,Calgary Flames,6,Columbus Blue Jackets,2,,10784,,
2010-10-22,Chicago Blackhawks,2,St. Louis Blues,4,,19150,,
2010-10-22,Minnesota Wild,1,Vancouver Canucks,5,,18860,,
2010-10-23,New York Rangers,3,Boston Bruins,2,,17565,,
2010-10-23,Columbus Blue Jackets,3,Chicago Blackhawks,2,,21265,,
2010-10-23,Los Angeles Kings,6,Colorado Avalanche,4,,15478,,
2010-10-23,Nashville Predators,1,Dallas Stars,0,,13583,,
2010-10-23,Anaheim Ducks,4,Detroit Red Wings,5,,19401,,
2010-10-23,San Jose Sharks,6,Edmonton Oilers,1,,16839,,
2010-10-23,New York Islanders,3,Florida Panthers,4,,15071,,
2010-10-23,Buffalo Sabres,6,New Jersey Devils,1,,14228,,
2010-10-23,Montreal Canadiens,3,Ottawa Senators,0,,20301,,
2010-10-23,Toronto Maple Leafs,2,Philadelphia Flyers,5,,19382,,
2010-10-23,Carolina Hurricanes,4,Phoenix Coyotes,3,OT,8189,,
2010-10-23,Pittsburgh Penguins,0,St. Louis Blues,1,OT,19150,,
2010-10-23,Atlanta Thrashers,3,Washington Capitals,4,OT,18398,,
2010-10-24,San Jose Sharks,0,Calgary Flames,4,,19289,,
2010-10-24,New Jersey Devils,1,New York Rangers,3,,18200,,
2010-10-24,Nashville Predators,4,Tampa Bay Lightning,3,,14454,,
2010-10-25,Philadelphia Flyers,1,Columbus Blue Jackets,2,,11727,,
2010-10-25,Los Angeles Kings,3,Minnesota Wild,2,SO,17094,,
2010-10-25,Phoenix Coyotes,2,Montreal Canadiens,3,OT,21273,,
2010-10-26,Edmonton Oilers,4,Calgary Flames,5,SO,19289,,
2010-10-26,Anaheim Ducks,5,Dallas Stars,2,,12378,,
2010-10-26,Phoenix Coyotes,2,Ottawa Senators,5,,16686,,
2010-10-26,Buffalo Sabres,3,Philadelphia Flyers,6,,19361,,
2010-10-26,Florida Panthers,1,Toronto Maple Leafs,3,,19239,,
2010-10-26,Colorado Avalanche,3,Vancouver Canucks,4,OT,18860,,
2010-10-27,Washington Capitals,3,Carolina Hurricanes,0,,18680,,
2010-10-27,Los Angeles Kings,1,Chicago Blackhawks,3,,20667,,
2010-10-27,New York Islanders,3,Montreal Canadiens,5,,21273,,
2010-10-27,Atlanta Thrashers,6,New York Rangers,4,,17900,,
2010-10-27,New Jersey Devils,2,San Jose Sharks,5,,17562,,
2010-10-27,Pittsburgh Penguins,3,Tampa Bay Lightning,5,,17226,,
2010-10-28,Toronto Maple Leafs,0,Boston Bruins,2,,17565,,
2010-10-28,Edmonton Oilers,2,Columbus Blue Jackets,3,SO,9128,,
2010-10-28,Colorado Avalanche,6,Calgary Flames,5,,19289,,
2010-10-28,Los Angeles Kings,5,Dallas Stars,2,,11306,,
2010-10-28,Phoenix Coyotes,4,Detroit Red Wings,2,,18165,,
2010-10-28,Washington Capitals,1,Minnesota Wild,2,,17352,,
2010-10-28,St. Louis Blues,3,Nashville Predators,0,,15506,,
2010-10-28,Florida Panthers,3,Ottawa Senators,5,,16294,,
2010-10-29,New Jersey Devils,2,Anaheim Ducks,1,,14724,,
2010-10-29,Buffalo Sabres,3,Atlanta Thrashers,4,OT,10172,,
2010-10-29,Edmonton Oilers,7,Chicago Blackhawks,4,,21061,,
2010-10-29,Montreal Canadiens,3,New York Islanders,1,,11922,,
2010-10-29,Carolina Hurricanes,4,New York Rangers,3,,17819,,
2010-10-29,Philadelphia Flyers,3,Pittsburgh Penguins,2,,18275,,
2010-10-30,Pittsburgh Penguins,3,Carolina Hurricanes,0,,18680,,
2010-10-30,Washington Capitals,7,Calgary Flames,2,,19289,,
2010-10-30,Columbus Blue Jackets,1,Colorado Avalanche,5,,13017,,
2010-10-30,Buffalo Sabres,0,Dallas Stars,4,,15015,,
2010-10-30,Nashville Predators,2,Detroit Red Wings,5,,18711,,
2010-10-30,New Jersey Devils,1,Los Angeles Kings,3,,18118,,
2010-10-30,Chicago Blackhawks,3,Minnesota Wild,1,,18376,,
2010-10-30,Florida Panthers,3,Montreal Canadiens,1,,21273,,
2010-10-30,Boston Bruins,4,Ottawa Senators,0,,18959,,
2010-10-30,New York Islanders,1,Philadelphia Flyers,6,,19613,,
2010-10-30,Tampa Bay Lightning,3,Phoenix Coyotes,0,,8171,,
2010-10-30,Anaheim Ducks,2,San Jose Sharks,5,,17562,,
2010-10-30,Atlanta Thrashers,3,St. Louis Blues,4,SO,19150,,
2010-10-30,New York Rangers,2,Toronto Maple Leafs,0,,19063,,
2010-11-01,Chicago Blackhawks,2,New York Rangers,3,,18200,,
2010-11-01,Carolina Hurricanes,2,Philadelphia Flyers,3,,19038,,
2010-11-01,New Jersey Devils,0,Vancouver Canucks,3,,18860,,
2010-11-02,Montreal Canadiens,0,Columbus Blue Jackets,3,,10466,,
2010-11-02,Vancouver Canucks,4,Edmonton Oilers,3,,16839,,
2010-11-02,San Jose Sharks,0,Minnesota Wild,1,,16502,,
2010-11-02,Ottawa Senators,3,Toronto Maple Leafs,2,,19409,,
2010-11-03,Tampa Bay Lightning,2,Anaheim Ducks,3,OT,13034,,
2010-11-03,Boston Bruins,5,Buffalo Sabres,2,,18428,,
2010-11-03,New York Islanders,2,Carolina Hurricanes,7,,13043,,
2010-11-03,Detroit Red Wings,2,Calgary Flames,1,,19289,,
2010-11-03,New Jersey Devils,5,Chicago Blackhawks,3,,21044,,
2010-11-03,Pittsburgh Penguins,2,Dallas Stars,5,,15637,,
2010-11-03,Atlanta Thrashers,4,Florida Panthers,3,,11212,,
2010-11-03,Nashville Predators,3,Phoenix Coyotes,4,,6761,,
2010-11-03,Toronto Maple Leafs,4,Washington Capitals,5,SO,18398,,
2010-11-04,Columbus Blue Jackets,3,Atlanta Thrashers,0,,8461,,
2010-11-04,Vancouver Canucks,3,Colorado Avalanche,1,,12732,,
2010-11-04,Tampa Bay Lightning,0,Los Angeles Kings,1,,18118,,
2010-11-04,New York Islanders,1,Ottawa Senators,4,,17752,,
2010-11-04,New York Rangers,1,Philadelphia Flyers,4,,19652,,
2010-11-04,San Jose Sharks,0,St. Louis Blues,2,,19150,,
2010-11-05,Pittsburgh Penguins,2,Anaheim Ducks,3,,17174,,
2010-11-05,Montreal Canadiens,3,Buffalo Sabres,2,,18026,,
2010-11-05,Phoenix Coyotes,3,Dallas Stars,6,,12255,,
2010-11-05,Detroit Red Wings,3,Edmonton Oilers,1,,16839,,
2010-11-05,Carolina Hurricanes,4,Florida Panthers,7,,14761,,
2010-11-05,Calgary Flames,1,Minnesota Wild,2,,17124,,
2010-11-05,New York Rangers,3,New Jersey Devils,0,,17625,,
2010-11-05,Boston Bruins,3,Washington Capitals,5,,18389,,
2010-11-06,Chicago Blackhawks,5,Atlanta Thrashers,4,SO,16022,,
2010-11-06,St. Louis Blues,2,Boston Bruins,1,SO,17565,,
2010-11-06,Florida Panthers,2,Carolina Hurricanes,3,,17704,,
2010-11-06,Minnesota Wild,3,Columbus Blue Jackets,2,,13457,,
2010-11-06,Dallas Stars,0,Colorado Avalanche,5,,16172,,
2010-11-06,Nashville Predators,1,Los Angeles Kings,4,,18118,,
2010-11-06,Ottawa Senators,3,Montreal Canadiens,2,,21273,,
2010-11-06,Philadelphia Flyers,2,New York Islanders,1,,13078,,
2010-11-06,Pittsburgh Penguins,4,Phoenix Coyotes,3,SO,14642,,
2010-11-06,Tampa Bay Lightning,2,San Jose Sharks,5,,17562,,
2010-11-06,Buffalo Sabres,3,Toronto Maple Leafs,2,SO,19329,,
2010-11-06,Detroit Red Wings,4,Vancouver Canucks,6,,18860,,
2010-11-07,Nashville Predators,4,Anaheim Ducks,5,,13520,,
2010-11-07,Edmonton Oilers,2,Chicago Blackhawks,1,,21025,,
2010-11-07,St. Louis Blues,2,New York Rangers,0,,17376,,
2010-11-07,Philadelphia Flyers,2,Washington Capitals,3,OT,18398,,
2010-11-08,Phoenix Coyotes,2,Detroit Red Wings,3,OT,19207,,
2010-11-09,Edmonton Oilers,1,Carolina Hurricanes,7,,11890,,
2010-11-09,Calgary Flames,4,Colorado Avalanche,2,,12219,,
2010-11-09,Vancouver Canucks,0,Montreal Canadiens,2,,21273,,
2010-11-09,Washington Capitals,5,New York Rangers,3,,18200,,
2010-11-09,Atlanta Thrashers,2,Ottawa Senators,5,,16583,,
2010-11-09,Anaheim Ducks,3,San Jose Sharks,2,OT,17562,,
2010-11-09,Toronto Maple Leafs,0,Tampa Bay Lightning,4,,16791,,
2010-11-10,New York Islanders,0,Anaheim Ducks,1,,14393,,
2010-11-10,St. Louis Blues,1,Columbus Blue Jackets,8,,10265,,
2010-11-10,Phoenix Coyotes,2,Chicago Blackhawks,1,,21181,,
2010-11-10,Toronto Maple Leafs,1,Florida Panthers,4,,15243,,
2010-11-10,Buffalo Sabres,5,New Jersey Devils,4,SO,14566,,
2010-11-10,Boston Bruins,7,Pittsburgh Penguins,4,,18113,,
2010-11-11,Minnesota Wild,1,Atlanta Thrashers,5,,10055,,
2010-11-11,Montreal Canadiens,3,Boston Bruins,1,,17565,,
2010-11-11,Philadelphia Flyers,8,Carolina Hurricanes,1,,14719,,
2010-11-11,Edmonton Oilers,2,Detroit Red Wings,6,,20066,,
2010-11-11,Dallas Stars,1,Los Angeles Kings,3,,18118,,
2010-11-11,Buffalo Sabres,2,New York Rangers,3,OT,17848,,
2010-11-11,Vancouver Canucks,6,Ottawa Senators,2,,19191,,
2010-11-11,New York Islanders,1,San Jose Sharks,2,SO,17562,,
2010-11-11,Nashville Predators,3,St. Louis Blues,2,SO,19150,,
2010-11-11,Tampa Bay Lightning,3,Washington Capitals,6,,18398,,
2010-11-12,Dallas Stars,2,Anaheim Ducks,4,,13831,,
2010-11-12,Colorado Avalanche,5,Columbus Blue Jackets,1,,13594,,
2010-11-12,Minnesota Wild,1,Florida Panthers,2,,15043,,
2010-11-12,Edmonton Oilers,3,New Jersey Devils,4,OT,14650,,
2010-11-12,Calgary Flames,4,Phoenix Coyotes,5,,11117,,
2010-11-12,Tampa Bay Lightning,1,Pittsburgh Penguins,5,,18275,,
2010-11-13,Pittsburgh Penguins,4,Atlanta Thrashers,2,,16710,,
2010-11-13,Ottawa Senators,2,Boston Bruins,0,,17565,,
2010-11-13,Washington Capitals,2,Buffalo Sabres,3,OT,18690,,
2010-11-13,Colorado Avalanche,1,Detroit Red Wings,3,,20066,,
2010-11-13,New York Islanders,1,Los Angeles Kings,5,,18118,,
2010-11-13,Carolina Hurricanes,2,Montreal Canadiens,7,,21273,,
2010-11-13,Chicago Blackhawks,3,Nashville Predators,4,SO,17113,,
2010-11-13,Florida Panthers,2,Philadelphia Flyers,5,,19616,,
2010-11-13,St. Louis Blues,3,Phoenix Coyotes,5,,9412,,
2010-11-13,Calgary Flames,3,San Jose Sharks,4,,17562,,
2010-11-13,Vancouver Canucks,5,Toronto Maple Leafs,3,,19534,,
2010-11-14,Anaheim Ducks,2,Chicago Blackhawks,3,OT,21244,,
2010-11-14,Edmonton Oilers,2,New York Rangers,8,,17658,,
2010-11-14,Minnesota Wild,4,Tampa Bay Lightning,1,,14868,,
2010-11-14,Atlanta Thrashers,4,Washington Capitals,6,,18398,,
2010-11-15,New Jersey Devils,0,Boston Bruins,3,,17565,,
2010-11-15,Vancouver Canucks,3,Buffalo Sabres,4,OT,18690,,
2010-11-15,St. Louis Blues,3,Colorado Avalanche,6,,12670,,
2010-11-15,Ottawa Senators,1,Philadelphia Flyers,5,,19256,,
2010-11-15,New York Rangers,3,Pittsburgh Penguins,2,OT,18125,,
2010-11-15,Los Angeles Kings,3,San Jose Sharks,6,,17562,,
2010-11-16,Anaheim Ducks,1,Dallas Stars,2,,13443,,
2010-11-16,Philadelphia Flyers,0,Montreal Canadiens,3,,21273,,
2010-11-16,Nashville Predators,4,Toronto Maple Leafs,5,,19069,,
2010-11-17,Florida Panthers,2,Atlanta Thrashers,1,,10168,,
2010-11-17,Ottawa Senators,1,Carolina Hurricanes,7,,12938,,
2010-11-17,Phoenix Coyotes,3,Calgary Flames,1,,19289,,
2010-11-17,San Jose Sharks,3,Colorado Avalanche,4,OT,12436,,
2010-11-17,St. Louis Blues,3,Detroit Red Wings,7,,20066,,
2010-11-17,Chicago Blackhawks,5,Edmonton Oilers,0,,16839,,
2010-11-17,Columbus Blue Jackets,5,Los Angeles Kings,3,,18118,,
2010-11-17,Anaheim Ducks,1,Minnesota Wild,2,OT,16890,,
2010-11-17,Tampa Bay Lightning,4,New York Islanders,2,,8025,,
2010-11-17,Boston Bruins,3,New York Rangers,2,,18200,,
2010-11-17,Vancouver Canucks,1,Pittsburgh Penguins,3,,18252,,
2010-11-17,Buffalo Sabres,2,Washington Capitals,4,,18398,,
2010-11-18,Florida Panthers,0,Boston Bruins,4,,17565,,
2010-11-18,San Jose Sharks,4,Dallas Stars,5,OT,14720,,
2010-11-18,Nashville Predators,3,Montreal Canadiens,0,,21273,,
2010-11-18,Tampa Bay Lightning,8,Philadelphia Flyers,7,,19672,,
2010-11-18,New Jersey Devils,1,Toronto Maple Leafs,3,,19271,,
2010-11-19,Columbus Blue Jackets,4,Anaheim Ducks,3,,13667,,
2010-11-19,Washington Capitals,0,Atlanta Thrashers,5,,11115,,
2010-11-19,Los Angeles Kings,2,Buffalo Sabres,4,,18418,,
2010-11-19,Chicago Blackhawks,2,Calgary Flames,7,,19289,,
2010-11-19,New York Rangers,1,Colorado Avalanche,5,,16002,,
2010-11-19,Minnesota Wild,4,Detroit Red Wings,3,OT,20066,,
2010-11-19,Phoenix Coyotes,4,Edmonton Oilers,3,SO,16839,,
2010-11-19,Carolina Hurricanes,4,Pittsburgh Penguins,5,SO,18264,,
2010-11-19,Ottawa Senators,2,St. Louis Blues,5,,19150,,
2010-11-20,Los Angeles Kings,4,Boston Bruins,3,SO,17565,,
2010-11-20,Tampa Bay Lightning,2,Buffalo Sabres,1,,17833,,
2010-11-20,Nashville Predators,2,Carolina Hurricanes,1,SO,15384,,
2010-11-20,Colorado Avalanche,4,Dallas Stars,3,SO,17441,,
2010-11-20,New York Rangers,5,Minnesota Wild,2,,18695,,
2010-11-20,Toronto Maple Leafs,0,Montreal Canadiens,2,,21273,,
2010-11-20,Florida Panthers,4,New York Islanders,1,,9157,,
2010-11-20,Columbus Blue Jackets,3,San Jose Sharks,0,,17562,,
2010-11-20,New Jersey Devils,2,St. Louis Blues,3,,19150,,
2010-11-20,Chicago Blackhawks,7,Vancouver Canucks,1,,18860,,
2010-11-20,Philadelphia Flyers,5,Washington Capitals,4,SO,18398,,
2010-11-21,Edmonton Oilers,4,Anaheim Ducks,2,,14267,,
2010-11-21,New York Islanders,1,Atlanta Thrashers,2,OT,10066,,
2010-11-21,Calgary Flames,4,Detroit Red Wings,5,OT,19636,,
2010-11-21,Phoenix Coyotes,3,Vancouver Canucks,2,,18860,,
2010-11-22,Nashville Predators,0,Columbus Blue Jackets,2,,10095,,
2010-11-22,Pittsburgh Penguins,3,Florida Panthers,2,,16543,,
2010-11-22,Washington Capitals,0,New Jersey Devils,5,,14107,,
2010-11-22,Calgary Flames,1,New York Rangers,2,,17845,,
2010-11-22,Los Angeles Kings,2,Ottawa Senators,3,,18315,,
2010-11-22,Montreal Canadiens,2,Philadelphia Flyers,3,,19753,,
2010-11-22,Boston Bruins,1,Tampa Bay Lightning,3,,16241,,
2010-11-22,Dallas Stars,1,Toronto Maple Leafs,4,,19266,,
2010-11-23,Edmonton Oilers,0,Phoenix Coyotes,5,,9354,,
2010-11-24,Detroit Red Wings,1,Atlanta Thrashers,5,,15337,,
2010-11-24,Pittsburgh Penguins,1,Buffalo Sabres,0,,18250,,
2010-11-24,Washington Capitals,3,Carolina Hurricanes,2,,15200,,
2010-11-24,Boston Bruins,3,Florida Panthers,1,,16712,,
2010-11-24,Philadelphia Flyers,6,Minnesota Wild,1,,16516,,
2010-11-24,Los Angeles Kings,1,Montreal Canadiens,4,,21273,,
2010-11-24,Calgary Flames,1,New Jersey Devils,2,SO,13202,,
2010-11-24,St. Louis Blues,2,Nashville Predators,1,SO,16603,,
2010-11-24,Columbus Blue Jackets,4,New York Islanders,3,OT,8652,,
2010-11-24,Dallas Stars,2,Ottawa Senators,1,,16281,,
2010-11-24,Chicago Blackhawks,2,San Jose Sharks,5,,17562,,
2010-11-24,New York Rangers,3,Tampa Bay Lightning,5,,17806,,
2010-11-24,Colorado Avalanche,2,Vancouver Canucks,4,,18860,,
2010-11-25,Colorado Avalanche,2,Edmonton Oilers,3,,16839,,
2010-11-26,Chicago Blackhawks,4,Anaheim Ducks,1,,16146,,
2010-11-26,Montreal Canadiens,0,Atlanta Thrashers,3,,13068,,
2010-11-26,Carolina Hurricanes,3,Boston Bruins,0,,17565,,
2010-11-26,Toronto Maple Leafs,1,Buffalo Sabres,3,,18004,,
2010-11-26,Detroit Red Wings,2,Columbus Blue Jackets,1,,18391,,
2010-11-26,St. Louis Blues,2,Dallas Stars,3,,16675,,
2010-11-26,New York Rangers,3,Florida Panthers,0,,17013,,
2010-11-26,Nashville Predators,2,Minnesota Wild,5,,17814,,
2010-11-26,New Jersey Devils,0,New York Islanders,2,,10897,,
2010-11-26,Calgary Flames,3,Philadelphia Flyers,2,SO,19872,,
2010-11-26,Ottawa Senators,1,Pittsburgh Penguins,2,,18299,,
2010-11-26,San Jose Sharks,1,Vancouver Canucks,6,,18860,,
2010-11-26,Tampa Bay Lightning,0,Washington Capitals,6,,18398,,
2010-11-27,Minnesota Wild,4,Colorado Avalanche,7,,18007,,
2010-11-27,San Jose Sharks,4,Edmonton Oilers,3,,16839,,
2010-11-27,Chicago Blackhawks,2,Los Angeles Kings,1,,18118,,
2010-11-27,Buffalo Sabres,1,Montreal Canadiens,3,,21273,,
2010-11-27,Philadelphia Flyers,1,New Jersey Devils,2,SO,17625,,
2010-11-27,New York Rangers,2,Nashville Predators,1,SO,17113,,
2010-11-27,Toronto Maple Leafs,0,Ottawa Senators,3,,20275,,
2010-11-27,Anaheim Ducks,6,Phoenix Coyotes,4,,12708,,
2010-11-27,Calgary Flames,1,Pittsburgh Penguins,4,,18317,,
2010-11-27,Dallas Stars,2,St. Louis Blues,1,,19150,,
2010-11-27,Florida Panthers,4,Tampa Bay Lightning,3,SO,15854,,
2010-11-28,Boston Bruins,1,Atlanta Thrashers,4,,12085,,
2010-11-28,Columbus Blue Jackets,2,Detroit Red Wings,4,,18860,,
2010-11-28,Carolina Hurricanes,2,Washington Capitals,3,SO,18398,,
2010-11-29,Los Angeles Kings,0,Anaheim Ducks,2,,17174,,
2010-11-29,Dallas Stars,4,Carolina Hurricanes,1,,15382,,
2010-11-29,Minnesota Wild,0,Calgary Flames,3,,19289,,
2010-11-29,Pittsburgh Penguins,3,New York Rangers,1,,18200,,
2010-11-29,Edmonton Oilers,4,Ottawa Senators,1,,17002,,
2010-11-30,St. Louis Blues,5,Chicago Blackhawks,7,,21140,,
2010-11-30,Atlanta Thrashers,3,Colorado Avalanche,2,OT,12131,,
2010-11-30,Phoenix Coyotes,0,Nashville Predators,3,,14333,,
2010-11-30,Detroit Red Wings,5,San Jose Sharks,3,,17562,,
2010-11-30,Tampa Bay Lightning,4,Toronto Maple Leafs,3,OT,19063,,
2010-12-01,Florida Panthers,3,Anaheim Ducks,5,,12504,,
2010-12-01,Nashville Predators,4,Columbus Blue Jackets,3,SO,9892,,
2010-12-01,Vancouver Canucks,7,Calgary Flames,2,,19289,,
2010-12-01,Phoenix Coyotes,4,Minnesota Wild,2,,17101,,
2010-12-01,Edmonton Oilers,4,Montreal Canadiens,3,OT,21273,,
2010-12-01,Boston Bruins,3,Philadelphia Flyers,0,,19684,,
2010-12-01,Washington Capitals,4,St. Louis Blues,1,,19150,,
2010-12-02,Tampa Bay Lightning,1,Boston Bruins,8,,17565,,
2010-12-02,Washington Capitals,1,Dallas Stars,2,,13943,,
2010-12-02,Florida Panthers,2,Los Angeles Kings,3,,17720,,
2010-12-02,Montreal Canadiens,5,New Jersey Devils,1,,11434,,
2010-12-02,New York Rangers,6,New York Islanders,5,,13742,,
2010-12-02,San Jose Sharks,4,Ottawa Senators,0,,18017,,
2010-12-02,Atlanta Thrashers,2,Pittsburgh Penguins,3,,18223,,
2010-12-02,Edmonton Oilers,5,Toronto Maple Leafs,0,,19465,,
2010-12-03,Detroit Red Wings,4,Anaheim Ducks,0,,15173,,
2010-12-03,Columbus Blue Jackets,0,Buffalo Sabres,5,,18529,,
2010-12-03,Colorado Avalanche,1,Carolina Hurricanes,2,OT,16277,,
2010-12-03,Vancouver Canucks,3,Chicago Blackhawks,0,,21737,,
2010-12-03,Calgary Flames,3,Minnesota Wild,2,SO,17130,,
2010-12-03,New York Islanders,0,New York Rangers,2,,18200,,
2010-12-04,Pittsburgh Penguins,7,Columbus Blue Jackets,2,,19143,,
2010-12-04,Minnesota Wild,3,Dallas Stars,4,OT,14344,,
2010-12-04,St. Louis Blues,1,Edmonton Oilers,2,OT,16839,,
2010-12-04,Detroit Red Wings,2,Los Angeles Kings,3,OT,18118,,
2010-12-04,San Jose Sharks,1,Montreal Canadiens,3,,21273,,
2010-12-04,Carolina Hurricanes,2,Nashville Predators,5,,15016,,
2010-12-04,Buffalo Sabres,1,Ottawa Senators,0,SO,16364,,
2010-12-04,New Jersey Devils,3,Philadelphia Flyers,5,,19657,,
2010-12-04,Florida Panthers,2,Phoenix Coyotes,1,SO,10334,,
2010-12-04,Colorado Avalanche,5,Tampa Bay Lightning,6,,18212,,
2010-12-04,Boston Bruins,2,Toronto Maple Leafs,3,SO,19483,,
2010-12-04,Atlanta Thrashers,3,Washington Capitals,1,,18398,,
2010-12-05,Phoenix Coyotes,3,Anaheim Ducks,0,,14062,,
2010-12-05,Calgary Flames,2,Chicago Blackhawks,4,,21112,,
2010-12-05,Philadelphia Flyers,3,New York Islanders,2,,7773,,
2010-12-05,Ottawa Senators,3,New York Rangers,1,,18200,,
2010-12-05,St. Louis Blues,3,Vancouver Canucks,2,,18860,,
2010-12-06,Nashville Predators,2,Atlanta Thrashers,3,OT,10024,,
2010-12-06,Dallas Stars,2,Columbus Blue Jackets,3,SO,10932,,
2010-12-06,San Jose Sharks,5,Detroit Red Wings,2,,19010,,
2010-12-06,New Jersey Devils,1,Pittsburgh Penguins,2,,18185,,
2010-12-06,Toronto Maple Leafs,5,Washington Capitals,4,SO,18398,,
2010-12-07,Buffalo Sabres,2,Boston Bruins,3,OT,17565,,
2010-12-07,Tampa Bay Lightning,2,Calgary Flames,4,,19289,,
2010-12-07,Anaheim Ducks,3,Edmonton Oilers,2,SO,16839,,
2010-12-07,Colorado Avalanche,3,Florida Panthers,4,OT,12791,,
2010-12-07,Ottawa Senators,1,Montreal Canadiens,4,,21273,,
2010-12-08,Dallas Stars,3,Chicago Blackhawks,5,,21184,,
2010-12-08,Nashville Predators,3,Detroit Red Wings,2,,17359,,
2010-12-08,San Jose Sharks,5,Philadelphia Flyers,4,SO,19801,,
2010-12-08,Toronto Maple Leafs,2,Pittsburgh Penguins,5,,18158,,
2010-12-08,Anaheim Ducks,4,Vancouver Canucks,5,SO,18860,,
2010-12-09,New York Islanders,2,Boston Bruins,5,,17565,,
2010-12-09,San Jose Sharks,3,Buffalo Sabres,6,,18017,,
2010-12-09,Calgary Flames,1,Los Angeles Kings,2,,18118,,
2010-12-09,New York Rangers,5,Ottawa Senators,3,,16324,,
2010-12-09,Minnesota Wild,3,Phoenix Coyotes,2,,7749,,
2010-12-09,Columbus Blue Jackets,1,St. Louis Blues,4,,19150,,
2010-12-09,Philadelphia Flyers,4,Toronto Maple Leafs,1,,19365,,
2010-12-09,Florida Panthers,3,Washington Capitals,0,,18398,,
2010-12-10,Calgary Flames,2,Anaheim Ducks,3,SO,13775,,
2010-12-10,Colorado Avalanche,4,Atlanta Thrashers,2,,14034,,
2010-12-10,Carolina Hurricanes,1,Dallas Stars,2,SO,13012,,
2010-12-10,Montreal Canadiens,2,Detroit Red Wings,4,,20066,,
2010-12-10,Tampa Bay Lightning,3,Edmonton Oilers,4,SO,16839,,
2010-12-10,New Jersey Devils,2,Ottawa Senators,3,,16471,,
2010-12-11,Philadelphia Flyers,2,Boston Bruins,1,OT,17565,,
2010-12-11,Pittsburgh Penguins,5,Buffalo Sabres,2,,18690,,
2010-12-11,New York Rangers,1,Columbus Blue Jackets,3,,15780,,
2010-12-11,Minnesota Wild,3,Los Angeles Kings,2,OT,18118,,
2010-12-11,Detroit Red Wings,4,New Jersey Devils,1,,17625,,
2010-12-11,Florida Panthers,0,Nashville Predators,3,,16128,,
2010-12-11,Atlanta Thrashers,5,New York Islanders,4,,10056,,
2010-12-11,Dallas Stars,2,Phoenix Coyotes,5,,11410,,
2010-12-11,Chicago Blackhawks,1,San Jose Sharks,2,OT,17562,,
2010-12-11,Carolina Hurricanes,2,St. Louis Blues,1,SO,19150,,
2010-12-11,Montreal Canadiens,1,Toronto Maple Leafs,3,,19656,,
2010-12-11,Tampa Bay Lightning,5,Vancouver Canucks,4,OT,18860,,
2010-12-11,Colorado Avalanche,3,Washington Capitals,2,,18398,,
2010-12-12,Minnesota Wild,2,Anaheim Ducks,6,,14338,,
2010-12-12,Vancouver Canucks,2,Edmonton Oilers,1,,16839,,
2010-12-12,Washington Capitals,0,New York Rangers,7,,18200,,
2010-12-13,Columbus Blue Jackets,2,Calgary Flames,3,OT,19289,,
2010-12-13,Chicago Blackhawks,5,Colorado Avalanche,7,,15924,,
2010-12-13,Los Angeles Kings,5,Detroit Red Wings,0,,17810,,
2010-12-13,New York Islanders,0,Nashville Predators,5,,14314,,
2010-12-13,Atlanta Thrashers,4,Ottawa Senators,3,OT,18184,,
2010-12-13,Dallas Stars,3,San Jose Sharks,2,SO,17562,,
2010-12-14,Toronto Maple Leafs,4,Edmonton Oilers,1,,16839,,
2010-12-14,Pittsburgh Penguins,2,Philadelphia Flyers,3,,19824,,
2010-12-15,Boston Bruins,2,Buffalo Sabres,3,,18197,,
2010-12-15,Colorado Avalanche,4,Chicago Blackhawks,3,,21121,,
2010-12-15,St. Louis Blues,2,Detroit Red Wings,5,,18769,,
2010-12-15,Carolina Hurricanes,4,Florida Panthers,3,,14651,,
2010-12-15,Philadelphia Flyers,5,Montreal Canadiens,3,,21273,,
2010-12-15,Phoenix Coyotes,0,New Jersey Devils,3,,13208,,
2010-12-15,San Jose Sharks,2,Nashville Predators,3,,14731,,
2010-12-15,New York Rangers,4,Pittsburgh Penguins,1,,18242,,
2010-12-15,Atlanta Thrashers,1,Tampa Bay Lightning,2,SO,14441,,
2010-12-15,Columbus Blue Jackets,2,Vancouver Canucks,3,OT,18860,,
2010-12-15,Anaheim Ducks,2,Washington Capitals,1,OT,18398,,
2010-12-16,Carolina Hurricanes,3,Atlanta Thrashers,2,SO,11043,,
2010-12-16,Toronto Maple Leafs,2,Calgary Flames,5,,19289,,
2010-12-16,San Jose Sharks,4,Dallas Stars,3,OT,14899,,
2010-12-16,Columbus Blue Jackets,3,Edmonton Oilers,6,,16839,,
2010-12-16,Ottawa Senators,3,Minnesota Wild,1,,17366,,
2010-12-16,Boston Bruins,3,Montreal Canadiens,4,,21273,,
2010-12-16,Anaheim Ducks,2,New York Islanders,3,,7659,,
2010-12-16,Phoenix Coyotes,3,New York Rangers,4,SO,17675,,
2010-12-16,Los Angeles Kings,4,St. Louis Blues,6,,19150,,
2010-12-17,Detroit Red Wings,1,Chicago Blackhawks,4,,21904,,
2010-12-17,Ottawa Senators,5,Colorado Avalanche,6,OT,15113,,
2010-12-17,Buffalo Sabres,2,Florida Panthers,6,,16894,,
2010-12-17,Nashville Predators,3,New Jersey Devils,1,,14137,,
2010-12-18,New Jersey Devils,1,Atlanta Thrashers,7,,17024,,
2010-12-18,Washington Capitals,2,Boston Bruins,3,,17565,,
2010-12-18,Anaheim Ducks,2,Carolina Hurricanes,4,,16603,,
2010-12-18,Dallas Stars,2,Columbus Blue Jackets,1,,13973,,
2010-12-18,Minnesota Wild,3,Calgary Flames,1,,19289,,
2010-12-18,Los Angeles Kings,6,Nashville Predators,1,,16734,,
2010-12-18,Phoenix Coyotes,4,New York Islanders,3,SO,8433,,
2010-12-18,New York Rangers,1,Philadelphia Flyers,4,,19898,,
2010-12-18,San Jose Sharks,4,St. Louis Blues,1,,19150,,
2010-12-18,Buffalo Sabres,1,Tampa Bay Lightning,3,,17141,,
2010-12-18,Toronto Maple Leafs,1,Vancouver Canucks,4,,18860,,
2010-12-19,Los Angeles Kings,2,Chicago Blackhawks,3,,21523,,
2010-12-19,Montreal Canadiens,2,Colorado Avalanche,3,,18007,,
2010-12-19,Dallas Stars,4,Detroit Red Wings,3,OT,20066,,
2010-12-19,Washington Capitals,3,Ottawa Senators,2,,19516,,
2010-12-20,Anaheim Ducks,3,Boston Bruins,0,,17565,,
2010-12-20,Calgary Flames,1,Minnesota Wild,4,,18315,,
2010-12-20,Florida Panthers,5,Philadelphia Flyers,0,,19864,,
2010-12-20,Phoenix Coyotes,1,Pittsburgh Penguins,6,,18262,,
2010-12-20,Vancouver Canucks,3,St. Louis Blues,1,,19150,,
2010-12-20,Carolina Hurricanes,1,Tampa Bay Lightning,5,,17210,,
2010-12-20,Atlanta Thrashers,6,Toronto Maple Leafs,3,,19301,,
2010-12-21,St. Louis Blues,4,Atlanta Thrashers,2,,14662,,
2010-12-21,Anaheim Ducks,2,Buffalo Sabres,5,,18690,,
2010-12-21,Calgary Flames,1,Columbus Blue Jackets,3,,12443,,
2010-12-21,Los Angeles Kings,5,Colorado Avalanche,0,,15891,,
2010-12-21,Montreal Canadiens,2,Dallas Stars,5,,17805,,
2010-12-21,Edmonton Oilers,1,San Jose Sharks,2,,17562,,
2010-12-21,New Jersey Devils,1,Washington Capitals,5,,18398,,
2010-12-22,Nashville Predators,1,Chicago Blackhawks,4,,21526,,
2010-12-22,Vancouver Canucks,4,Detroit Red Wings,5,OT,20066,,
2010-12-22,Tampa Bay Lightning,1,New York Islanders,2,OT,7324,,
2010-12-22,Florida Panthers,2,Pittsburgh Penguins,5,,18238,,
2010-12-23,Atlanta Thrashers,1,Boston Bruins,4,,17565,,
2010-12-23,Florida Panthers,4,Buffalo Sabres,3,,18690,,
2010-12-23,Montreal Canadiens,3,Carolina Hurricanes,2,,16981,,
2010-12-23,Vancouver Canucks,7,Columbus Blue Jackets,3,,12159,,
2010-12-23,Minnesota Wild,3,Colorado Avalanche,1,,16323,,
2010-12-23,Calgary Flames,3,Dallas Stars,2,SO,15520,,
2010-12-23,Edmonton Oilers,2,Los Angeles Kings,3,SO,18118,,
2010-12-23,New York Islanders,5,New Jersey Devils,1,,13312,,
2010-12-23,Ottawa Senators,2,Nashville Predators,1,,17113,,
2010-12-23,Tampa Bay Lightning,4,New York Rangers,3,SO,18200,,
2010-12-23,Phoenix Coyotes,1,San Jose Sharks,4,,17562,,
2010-12-23,Detroit Red Wings,3,St. Louis Blues,4,,19150,,
2010-12-23,Pittsburgh Penguins,3,Washington Capitals,2,SO,18398,,
2010-12-26,Tampa Bay Lightning,3,Atlanta Thrashers,2,OT,14610,,
2010-12-26,Washington Capitals,3,Carolina Hurricanes,2,,10477,,
2010-12-26,Columbus Blue Jackets,1,Chicago Blackhawks,4,,21492,,
2010-12-26,Phoenix Coyotes,1,Dallas Stars,0,,17515,,
2010-12-26,Anaheim Ducks,1,Los Angeles Kings,4,,18313,,
2010-12-26,Detroit Red Wings,4,Minnesota Wild,1,,19227,,
2010-12-26,Toronto Maple Leafs,4,New Jersey Devils,1,,5329,,
2010-12-26,Montreal Canadiens,1,New York Islanders,4,,3136,,
2010-12-26,Pittsburgh Penguins,1,Ottawa Senators,3,,20146,,
2010-12-26,Nashville Predators,0,St. Louis Blues,2,,19150,,
2010-12-26,Edmonton Oilers,2,Vancouver Canucks,3,,18860,,
2010-12-27,Minnesota Wild,3,Columbus Blue Jackets,4,SO,14454,,
2010-12-27,Buffalo Sabres,2,Calgary Flames,5,,19289,,
2010-12-27,Detroit Red Wings,4,Colorado Avalanche,3,OT,18007,,
2010-12-27,Boston Bruins,3,Florida Panthers,2,SO,19250,,
2010-12-27,New York Islanders,2,New York Rangers,7,,18200,,
2010-12-27,Los Angeles Kings,4,San Jose Sharks,0,,17562,,
2010-12-28,Buffalo Sabres,4,Edmonton Oilers,2,,16839,,
2010-12-28,Dallas Stars,4,Nashville Predators,2,,17113,,
2010-12-28,Anaheim Ducks,3,Phoenix Coyotes,1,,14032,,
2010-12-28,Atlanta Thrashers,3,Pittsburgh Penguins,6,,18322,,
2010-12-28,Chicago Blackhawks,1,St. Louis Blues,3,,19150,,
2010-12-28,Boston Bruins,4,Tampa Bay Lightning,3,,20204,,
2010-12-28,Carolina Hurricanes,4,Toronto Maple Leafs,3,,19309,,
2010-12-28,Philadelphia Flyers,2,Vancouver Canucks,6,,18860,,
2010-12-28,Montreal Canadiens,0,Washington Capitals,3,,18398,,
2010-12-29,Detroit Red Wings,7,Dallas Stars,3,,18532,,
2010-12-29,San Jose Sharks,3,Minnesota Wild,5,,19131,,
2010-12-29,New York Rangers,3,New Jersey Devils,1,,17625,,
2010-12-29,Pittsburgh Penguins,1,New York Islanders,2,SO,14345,,
2010-12-29,Carolina Hurricanes,4,Ottawa Senators,0,,20221,,
2010-12-29,Los Angeles Kings,3,Phoenix Coyotes,6,,15153,,
2010-12-30,Boston Bruins,2,Atlanta Thrashers,3,SO,17624,,
2010-12-30,San Jose Sharks,5,Chicago Blackhawks,3,,22112,,
2010-12-30,Colorado Avalanche,4,Edmonton Oilers,3,SO,16839,,
2010-12-30,Philadelphia Flyers,7,Los Angeles Kings,4,,18118,,
2010-12-30,Montreal Canadiens,1,Tampa Bay Lightning,4,,20191,,
2010-12-30,Columbus Blue Jackets,3,Toronto Maple Leafs,2,,19148,,
2010-12-31,Philadelphia Flyers,2,Anaheim Ducks,5,,17103,,
2010-12-31,Ottawa Senators,3,Columbus Blue Jackets,4,OT,17652,,
2010-12-31,Colorado Avalanche,2,Calgary Flames,3,,19289,,
2010-12-31,Vancouver Canucks,4,Dallas Stars,1,,17733,,
2010-12-31,New York Islanders,4,Detroit Red Wings,3,OT,20066,,
2010-12-31,Montreal Canadiens,3,Florida Panthers,2,OT,20072,,
2010-12-31,Nashville Predators,4,Minnesota Wild,1,,18285,,
2010-12-31,Atlanta Thrashers,1,New Jersey Devils,3,,13492,,
2010-12-31,Phoenix Coyotes,3,St. Louis Blues,4,,19150,,
2011-01-01,Boston Bruins,6,Buffalo Sabres,7,SO,18690,,
2011-01-01,New Jersey Devils,3,Carolina Hurricanes,6,,16107,,
2011-01-01,Calgary Flames,2,Edmonton Oilers,1,,16839,,
2011-01-01,San Jose Sharks,1,Los Angeles Kings,0,,18118,,
2011-01-01,Toronto Maple Leafs,5,Ottawa Senators,1,,20027,,
2011-01-01,Washington Capitals,3,Pittsburgh Penguins,1,,68111,,NHL Winter Classic
2011-01-01,New York Rangers,1,Tampa Bay Lightning,2,OT,18242,,
2011-01-02,Chicago Blackhawks,1,Anaheim Ducks,2,,16004,,
2011-01-02,Vancouver Canucks,2,Colorado Avalanche,1,,15323,,
2011-01-02,Philadelphia Flyers,3,Detroit Red Wings,2,,20066,,
2011-01-02,New York Rangers,0,Florida Panthers,3,,16752,,
2011-01-02,Phoenix Coyotes,5,Minnesota Wild,6,OT,17240,,
2011-01-02,Atlanta Thrashers,4,Montreal Canadiens,3,OT,21273,,
2011-01-02,Columbus Blue Jackets,1,Nashville Predators,4,,14593,,
2011-01-02,Dallas Stars,4,St. Louis Blues,2,,19150,,
2011-01-03,Florida Panthers,4,Carolina Hurricanes,3,OT,16637,,
2011-01-03,New York Islanders,5,Calgary Flames,2,,19289,,
2011-01-03,Chicago Blackhawks,4,Los Angeles Kings,3,,17916,,
2011-01-03,Vancouver Canucks,4,San Jose Sharks,3,,17562,,
2011-01-03,Boston Bruins,2,Toronto Maple Leafs,1,,19052,,
2011-01-04,Buffalo Sabres,3,Colorado Avalanche,4,OT,12548,,
2011-01-04,Detroit Red Wings,5,Edmonton Oilers,3,,16839,,
2011-01-04,Minnesota Wild,2,New Jersey Devils,1,,13257,,
2011-01-04,Columbus Blue Jackets,2,Phoenix Coyotes,4,,8222,,
2011-01-04,Tampa Bay Lightning,1,Washington Capitals,0,OT,18398,,
2011-01-05,Nashville Predators,4,Anaheim Ducks,1,,12216,,
2011-01-05,Dallas Stars,4,Chicago Blackhawks,2,,21245,,
2011-01-05,Atlanta Thrashers,3,Florida Panthers,2,,12803,,
2011-01-05,Carolina Hurricanes,1,New York Rangers,2,OT,18200,,
2011-01-05,Tampa Bay Lightning,1,Pittsburgh Penguins,8,,18261,,
2011-01-05,Calgary Flames,1,Vancouver Canucks,3,,18860,,
2011-01-06,Minnesota Wild,3,Boston Bruins,1,,17565,,
2011-01-06,Phoenix Coyotes,2,Colorado Avalanche,0,,12308,,
2011-01-06,New York Islanders,1,Edmonton Oilers,2,,16839,,
2011-01-06,Nashville Predators,5,Los Angeles Kings,2,,17823,,
2011-01-06,Pittsburgh Penguins,1,Montreal Canadiens,2,SO,21273,,
2011-01-06,Philadelphia Flyers,4,New Jersey Devils,2,,15098,,
2011-01-06,Buffalo Sabres,3,San Jose Sharks,0,,17562,,
2011-01-06,St. Louis Blues,5,Toronto Maple Leafs,6,SO,19283,,
2011-01-07,Columbus Blue Jackets,0,Anaheim Ducks,6,,12815,,
2011-01-07,Toronto Maple Leafs,9,Atlanta Thrashers,3,,14592,,
2011-01-07,Detroit Red Wings,5,Calgary Flames,4,SO,19289,,
2011-01-07,Ottawa Senators,2,Chicago Blackhawks,3,SO,21657,,
2011-01-07,New York Rangers,3,Dallas Stars,2,SO,14934,,
2011-01-07,Carolina Hurricanes,5,Florida Panthers,3,,14262,,
2011-01-07,Edmonton Oilers,1,Vancouver Canucks,6,,18860,,
2011-01-08,New York Islanders,4,Colorado Avalanche,3,OT,15171,,
2011-01-08,Columbus Blue Jackets,4,Los Angeles Kings,6,,18118,,
2011-01-08,Boston Bruins,2,Montreal Canadiens,3,OT,21273,,
2011-01-08,Tampa Bay Lightning,2,Ottawa Senators,1,,19698,,
2011-01-08,New Jersey Devils,1,Philadelphia Flyers,2,,19859,,
2011-01-08,Buffalo Sabres,2,Phoenix Coyotes,1,OT,13905,,
2011-01-08,Minnesota Wild,4,Pittsburgh Penguins,0,,18263,,
2011-01-08,Nashville Predators,2,San Jose Sharks,1,,17562,,
2011-01-08,New York Rangers,2,St. Louis Blues,1,,19150,,
2011-01-08,Detroit Red Wings,2,Vancouver Canucks,1,SO,18860,,
2011-01-08,Florida Panthers,2,Washington Capitals,3,,18398,,
2011-01-09,San Jose Sharks,0,Anaheim Ducks,1,,16172,,
2011-01-09,Atlanta Thrashers,3,Carolina Hurricanes,4,OT,17907,,
2011-01-09,New York Islanders,0,Chicago Blackhawks,5,,21205,,
2011-01-09,Dallas Stars,4,Minnesota Wild,0,,18082,,
2011-01-09,Tampa Bay Lightning,3,New Jersey Devils,6,,16197,,
2011-01-10,Detroit Red Wings,4,Colorado Avalanche,5,,17535,,
2011-01-10,Toronto Maple Leafs,3,Los Angeles Kings,2,,17834,,
2011-01-10,Boston Bruins,4,Pittsburgh Penguins,2,,18245,,
2011-01-10,Phoenix Coyotes,4,St. Louis Blues,3,,19150,,
2011-01-11,Ottawa Senators,0,Boston Bruins,6,,17565,,
2011-01-11,Philadelphia Flyers,5,Buffalo Sabres,2,,18155,,
2011-01-11,Calgary Flames,5,Carolina Hurricanes,6,SO,10096,,
2011-01-11,Phoenix Coyotes,4,Columbus Blue Jackets,3,,11109,,
2011-01-11,Edmonton Oilers,2,Dallas Stars,3,,12463,,
2011-01-11,Washington Capitals,3,Florida Panthers,4,OT,14790,,
2011-01-11,Minnesota Wild,1,Nashville Predators,5,,15311,,
2011-01-11,Vancouver Canucks,4,New York Islanders,3,SO,8913,,
2011-01-11,Montreal Canadiens,2,New York Rangers,1,,18200,,
2011-01-11,Toronto Maple Leafs,4,San Jose Sharks,2,,17562,,
2011-01-12,St. Louis Blues,4,Anaheim Ducks,7,,12499,,
2011-01-12,Colorado Avalanche,0,Chicago Blackhawks,4,,21356,,
2011-01-12,Pittsburgh Penguins,5,Montreal Canadiens,2,,21273,,
2011-01-12,Washington Capitals,0,Tampa Bay Lightning,3,,18135,,
2011-01-13,Philadelphia Flyers,5,Boston Bruins,7,,17565,,
2011-01-13,Carolina Hurricanes,2,Buffalo Sabres,3,,18276,,
2011-01-13,Nashville Predators,2,Florida Panthers,3,,12228,,
2011-01-13,St. Louis Blues,3,Los Angeles Kings,1,,17932,,
2011-01-13,Ottawa Senators,6,New York Islanders,4,,8670,,
2011-01-13,Vancouver Canucks,0,New York Rangers,1,,18200,,
2011-01-13,Toronto Maple Leafs,1,Phoenix Coyotes,5,,11205,,
2011-01-13,Edmonton Oilers,5,San Jose Sharks,2,,17562,,
2011-01-14,Philadelphia Flyers,5,Atlanta Thrashers,2,,15081,,
2011-01-14,Detroit Red Wings,2,Columbus Blue Jackets,3,SO,18684,,
2011-01-14,Colorado Avalanche,4,Minnesota Wild,1,,18218,,
2011-01-14,Calgary Flames,3,Ottawa Senators,2,,19984,,
2011-01-14,New Jersey Devils,5,Tampa Bay Lightning,2,,18736,,
2011-01-14,Vancouver Canucks,4,Washington Capitals,2,,18398,,
2011-01-15,Pittsburgh Penguins,3,Boston Bruins,2,,17565,,
2011-01-15,Tampa Bay Lightning,4,Carolina Hurricanes,6,,18680,,
2011-01-15,Atlanta Thrashers,1,Dallas Stars,6,,17702,,
2011-01-15,Columbus Blue Jackets,5,Detroit Red Wings,6,OT,20066,,
2011-01-15,New Jersey Devils,2,Florida Panthers,3,OT,17825,,
2011-01-15,Edmonton Oilers,2,Los Angeles Kings,5,,18118,,
2011-01-15,New York Rangers,2,Montreal Canadiens,3,,21273,,
2011-01-15,Chicago Blackhawks,2,Nashville Predators,3,SO,17113,,
2011-01-15,Buffalo Sabres,3,New York Islanders,5,,12223,,
2011-01-15,Anaheim Ducks,2,Phoenix Coyotes,6,,10951,,
2011-01-15,St. Louis Blues,2,San Jose Sharks,4,,17562,,
2011-01-15,Calgary Flames,2,Toronto Maple Leafs,1,SO,19462,,
2011-01-16,Edmonton Oilers,2,Anaheim Ducks,3,,15764,,
2011-01-16,Nashville Predators,3,Chicago Blackhawks,6,,21387,,
2011-01-16,Vancouver Canucks,0,Minnesota Wild,4,,18458,,
2011-01-16,Philadelphia Flyers,3,New York Rangers,2,,18200,,
2011-01-16,Ottawa Senators,1,Washington Capitals,3,,18398,,
2011-01-17,Carolina Hurricanes,0,Boston Bruins,7,,17565,,
2011-01-17,Los Angeles Kings,1,Dallas Stars,2,,14163,,
2011-01-17,Atlanta Thrashers,3,Florida Panthers,2,SO,11477,,
2011-01-17,Calgary Flames,4,Montreal Canadiens,5,OT,21273,,
2011-01-17,New Jersey Devils,5,New York Islanders,2,,13119,,
2011-01-17,San Jose Sharks,4,Phoenix Coyotes,2,,9672,,
2011-01-18,Montreal Canadiens,1,Buffalo Sabres,2,OT,18225,,
2011-01-18,Boston Bruins,3,Carolina Hurricanes,2,,17419,,
2011-01-18,Vancouver Canucks,3,Colorado Avalanche,4,OT,12791,,
2011-01-18,Minnesota Wild,4,Edmonton Oilers,1,,16839,,
2011-01-18,Anaheim Ducks,2,Ottawa Senators,1,SO,19515,,
2011-01-18,Washington Capitals,2,Philadelphia Flyers,3,OT,19824,,
2011-01-18,Nashville Predators,5,Phoenix Coyotes,2,,8236,,
2011-01-18,Detroit Red Wings,1,Pittsburgh Penguins,4,,18284,,
2011-01-18,Los Angeles Kings,1,St. Louis Blues,2,,19150,,
2011-01-18,Columbus Blue Jackets,2,Tampa Bay Lightning,3,SO,13291,,
2011-01-19,Minnesota Wild,6,Calgary Flames,0,,19289,,
2011-01-19,Columbus Blue Jackets,3,Florida Panthers,2,OT,11629,,
2011-01-19,Toronto Maple Leafs,0,New York Rangers,7,,18200,,
2011-01-20,Tampa Bay Lightning,3,Atlanta Thrashers,2,SO,12314,,
2011-01-20,Buffalo Sabres,4,Boston Bruins,2,,17565,,
2011-01-20,New York Rangers,1,Carolina Hurricanes,4,,15861,,
2011-01-20,Nashville Predators,5,Colorado Avalanche,1,,12638,,
2011-01-20,Dallas Stars,4,Edmonton Oilers,2,,16839,,
2011-01-20,Phoenix Coyotes,2,Los Angeles Kings,0,,18118,,
2011-01-20,Pittsburgh Penguins,0,New Jersey Devils,2,,14890,,
2011-01-20,Washington Capitals,2,New York Islanders,1,,9119,,
2011-01-20,Ottawa Senators,2,Philadelphia Flyers,6,,19721,,
2011-01-20,Detroit Red Wings,4,St. Louis Blues,3,OT,19150,,
2011-01-20,Anaheim Ducks,2,Toronto Maple Leafs,5,,19399,,
2011-01-20,San Jose Sharks,2,Vancouver Canucks,1,SO,18860,,
2011-01-21,New York Islanders,5,Buffalo Sabres,2,,18690,,
2011-01-21,Dallas Stars,4,Calgary Flames,7,,19289,,
2011-01-21,Tampa Bay Lightning,2,Florida Panthers,1,SO,17328,,
2011-01-21,Montreal Canadiens,7,Ottawa Senators,1,,20337,,
2011-01-22,New York Rangers,3,Atlanta Thrashers,2,SO,17061,,
2011-01-22,Boston Bruins,6,Colorado Avalanche,2,,18007,,
2011-01-22,Chicago Blackhawks,4,Detroit Red Wings,1,,20066,,
2011-01-22,Anaheim Ducks,4,Montreal Canadiens,3,SO,21273,,
2011-01-22,New Jersey Devils,3,Philadelphia Flyers,1,,19847,,
2011-01-22,Los Angeles Kings,4,Phoenix Coyotes,3,,13210,,
2011-01-22,Carolina Hurricanes,2,Pittsburgh Penguins,3,,18305,,
2011-01-22,Minnesota Wild,3,San Jose Sharks,4,,17562,,
2011-01-22,Columbus Blue Jackets,5,St. Louis Blues,2,,19150,,
2011-01-22,Washington Capitals,4,Toronto Maple Leafs,1,,19554,,
2011-01-22,Calgary Flames,4,Vancouver Canucks,3,SO,18860,,
2011-01-23,Philadelphia Flyers,4,Chicago Blackhawks,1,,21660,,
2011-01-23,Nashville Predators,3,Edmonton Oilers,2,SO,16839,,
2011-01-23,Florida Panthers,2,New Jersey Devils,5,,15109,,
2011-01-23,Buffalo Sabres,5,New York Islanders,3,,10120,,
2011-01-23,Atlanta Thrashers,1,Tampa Bay Lightning,7,,13916,,
2011-01-24,Toronto Maple Leafs,4,Carolina Hurricanes,6,,16201,,
2011-01-24,Nashville Predators,1,Calgary Flames,3,,19289,,
2011-01-24,St. Louis Blues,3,Colorado Avalanche,4,,12338,,
2011-01-24,Boston Bruins,0,Los Angeles Kings,2,,18118,,
2011-01-24,Dallas Stars,1,Vancouver Canucks,7,,18860,,
2011-01-24,New York Rangers,2,Washington Capitals,1,SO,18398,,
2011-01-25,Anaheim Ducks,3,Columbus Blue Jackets,2,,11700,,
2011-01-25,Minnesota Wild,4,Chicago Blackhawks,2,,21247,,
2011-01-25,Florida Panthers,4,New York Rangers,3,,18200,,
2011-01-25,Buffalo Sabres,3,Ottawa Senators,2,OT,18990,,
2011-01-25,Montreal Canadiens,2,Philadelphia Flyers,5,,19878,,
2011-01-25,Edmonton Oilers,4,Phoenix Coyotes,3,,10057,,
2011-01-25,New York Islanders,0,Pittsburgh Penguins,1,,18225,,
2011-01-25,Toronto Maple Leafs,0,Tampa Bay Lightning,2,,14335,,
2011-01-26,Washington Capitals,0,Atlanta Thrashers,1,,14513,,
2011-01-26,Florida Panthers,1,Boston Bruins,2,,17565,,
2011-01-26,St. Louis Blues,1,Calgary Flames,4,,19289,,
2011-01-26,Phoenix Coyotes,5,Colorado Avalanche,2,,13740,,
2011-01-26,Edmonton Oilers,1,Dallas Stars,3,,13875,,
2011-01-26,New Jersey Devils,1,Detroit Red Wings,3,,20066,,
2011-01-26,San Jose Sharks,2,Los Angeles Kings,3,SO,18118,,
2011-01-26,Carolina Hurricanes,4,New York Islanders,2,,4976,,
2011-01-26,Nashville Predators,1,Vancouver Canucks,2,,18860,,
2011-02-01,New York Islanders,4,Atlanta Thrashers,1,,11176,,
2011-02-01,Boston Bruins,3,Carolina Hurricanes,2,,18126,,
2011-02-01,Chicago Blackhawks,7,Columbus Blue Jackets,4,,12568,,
2011-02-01,Vancouver Canucks,4,Dallas Stars,1,,12884,,
2011-02-01,Los Angeles Kings,0,Minnesota Wild,1,SO,17504,,
2011-02-01,Ottawa Senators,1,New Jersey Devils,2,,7218,,
2011-02-01,Calgary Flames,3,Nashville Predators,2,SO,14360,,
2011-02-01,Pittsburgh Penguins,4,New York Rangers,3,SO,18200,,
2011-02-01,Phoenix Coyotes,3,San Jose Sharks,5,,17562,,
2011-02-01,Philadelphia Flyers,0,Tampa Bay Lightning,4,,16635,,
2011-02-01,Florida Panthers,3,Toronto Maple Leafs,4,SO,19018,,
2011-02-01,Montreal Canadiens,3,Washington Capitals,2,SO,18398,,
2011-02-02,San Jose Sharks,4,Anaheim Ducks,3,,14486,,
2011-02-02,Los Angeles Kings,3,Edmonton Oilers,1,,16839,,
2011-02-02,Florida Panthers,2,Montreal Canadiens,3,,21273,,
2011-02-02,Detroit Red Wings,7,Ottawa Senators,5,,18011,,
2011-02-02,Vancouver Canucks,6,Phoenix Coyotes,0,,13157,,
2011-02-02,New York Islanders,0,Pittsburgh Penguins,3,,18142,,
2011-02-03,Calgary Flames,4,Atlanta Thrashers,2,,12984,,
2011-02-03,Dallas Stars,3,Boston Bruins,6,,17565,,
2011-02-03,Minnesota Wild,4,Colorado Avalanche,3,,13818,,
2011-02-03,New Jersey Devils,3,New York Rangers,2,,18200,,
2011-02-03,Nashville Predators,2,Philadelphia Flyers,3,,19702,,
2011-02-03,Carolina Hurricanes,0,Toronto Maple Leafs,3,,19220,,
2011-02-04,Columbus Blue Jackets,3,Detroit Red Wings,0,,20066,,
2011-02-04,Florida Panthers,4,New Jersey Devils,3,OT,13557,,
2011-02-04,Buffalo Sabres,2,Pittsburgh Penguins,3,,18315,,
2011-02-04,Edmonton Oilers,3,St. Louis Blues,5,,19150,,
2011-02-04,Washington Capitals,5,Tampa Bay Lightning,2,,20216,,
2011-02-04,Chicago Blackhawks,3,Vancouver Canucks,4,,18860,,
2011-02-05,San Jose Sharks,2,Boston Bruins,0,,17565,,
2011-02-05,Toronto Maple Leafs,2,Buffalo Sabres,6,,18264,,
2011-02-05,Atlanta Thrashers,3,Carolina Hurricanes,4,OT,16874,,
2011-02-05,Edmonton Oilers,3,Columbus Blue Jackets,4,,18370,,
2011-02-05,Los Angeles Kings,4,Calgary Flames,3,SO,19289,,
2011-02-05,Anaheim Ducks,3,Colorado Avalanche,0,,16785,,
2011-02-05,New York Rangers,0,Montreal Canadiens,2,,21273,,
2011-02-05,Detroit Red Wings,0,Nashville Predators,3,,17113,,
2011-02-05,Ottawa Senators,3,New York Islanders,5,,10415,,
2011-02-05,Dallas Stars,1,Philadelphia Flyers,3,,19881,,
2011-02-05,Minnesota Wild,0,Phoenix Coyotes,1,,14587,,
2011-02-06,New Jersey Devils,4,Montreal Canadiens,1,,21273,,
2011-02-06,St. Louis Blues,3,Tampa Bay Lightning,4,OT,14896,,
2011-02-06,Pittsburgh Penguins,0,Washington Capitals,3,,18398,,
2011-02-07,Chicago Blackhawks,1,Calgary Flames,3,,19289,,
2011-02-07,New York Rangers,2,Detroit Red Wings,3,,20066,,
2011-02-07,Edmonton Oilers,4,Nashville Predators,0,,14388,,
2011-02-07,Colorado Avalanche,0,Phoenix Coyotes,3,,9508,,
2011-02-07,Atlanta Thrashers,4,Toronto Maple Leafs,5,,19104,,
2011-02-07,Ottawa Senators,2,Vancouver Canucks,4,,18860,,
2011-02-08,St. Louis Blues,2,Florida Panthers,1,,12228,,
2011-02-08,Carolina Hurricanes,2,New Jersey Devils,3,OT,12126,,
2011-02-08,Toronto Maple Leafs,5,New York Islanders,3,,7249,,
2011-02-08,Columbus Blue Jackets,4,Pittsburgh Penguins,1,,18147,,
2011-02-08,Buffalo Sabres,7,Tampa Bay Lightning,4,,14444,,
2011-02-08,San Jose Sharks,2,Washington Capitals,0,,18398,,
2011-02-09,Montreal Canadiens,6,Boston Bruins,8,,17565,,
2011-02-09,San Jose Sharks,3,Columbus Blue Jackets,2,,11906,,
2011-02-09,Ottawa Senators,2,Calgary Flames,5,,19289,,
2011-02-09,Phoenix Coyotes,3,Dallas Stars,2,OT,11488,,
2011-02-09,Nashville Predators,4,Detroit Red Wings,1,,20066,,
2011-02-09,Chicago Blackhawks,4,Edmonton Oilers,1,,16839,,
2011-02-09,Colorado Avalanche,2,Minnesota Wild,3,,18194,,
2011-02-09,Anaheim Ducks,4,Vancouver Canucks,3,,18860,,
2011-02-10,Buffalo Sabres,3,Florida Panthers,2,OT,14559,,
2011-02-10,New York Islanders,4,Montreal Canadiens,3,SO,21273,,
2011-02-10,Carolina Hurricanes,1,Philadelphia Flyers,2,,19726,,
2011-02-10,Los Angeles Kings,1,Pittsburgh Penguins,2,OT,18208,,
2011-02-10,New Jersey Devils,2,Toronto Maple Leafs,1,OT,19260,,
2011-02-11,New York Rangers,2,Atlanta Thrashers,3,,15093,,
2011-02-11,Detroit Red Wings,6,Boston Bruins,1,,17565,,
2011-02-11,Colorado Avalanche,1,Columbus Blue Jackets,3,,16408,,
2011-02-11,Anaheim Ducks,5,Calgary Flames,4,OT,19289,,
2011-02-11,Chicago Blackhawks,3,Dallas Stars,4,SO,17569,,
2011-02-11,San Jose Sharks,1,New Jersey Devils,2,,17102,,
2011-02-11,Pittsburgh Penguins,3,New York Islanders,9,,12888,,
2011-02-11,Minnesota Wild,5,St. Louis Blues,4,SO,19150,,
2011-02-12,Ottawa Senators,5,Edmonton Oilers,3,,16839,,
2011-02-12,St. Louis Blues,1,Minnesota Wild,3,,19322,,
2011-02-12,Toronto Maple Leafs,0,Montreal Canadiens,3,,21273,,
2011-02-12,Colorado Avalanche,3,Nashville Predators,5,,17113,,
2011-02-12,Chicago Blackhawks,2,Phoenix Coyotes,3,SO,17283,,
2011-02-12,Carolina Hurricanes,3,Tampa Bay Lightning,4,OT,19910,,
2011-02-12,Calgary Flames,2,Vancouver Canucks,4,,18860,,
2011-02-12,Los Angeles Kings,4,Washington Capitals,1,,18398,,
2011-02-13,Carolina Hurricanes,3,Atlanta Thrashers,2,,13032,,
2011-02-13,New York Islanders,7,Buffalo Sabres,6,OT,18690,,
2011-02-13,Columbus Blue Jackets,2,Dallas Stars,1,,16377,,
2011-02-13,Boston Bruins,2,Detroit Red Wings,4,,20066,,
2011-02-13,Anaheim Ducks,4,Edmonton Oilers,0,,16839,,
2011-02-13,San Jose Sharks,2,Florida Panthers,3,,16217,,
2011-02-13,Pittsburgh Penguins,3,New York Rangers,5,,18200,,
2011-02-13,Los Angeles Kings,1,Philadelphia Flyers,0,,19724,,
2011-02-14,Calgary Flames,9,Colorado Avalanche,1,,14035,,
2011-02-14,Washington Capitals,2,Phoenix Coyotes,3,,13856,,
2011-02-14,Vancouver Canucks,2,St. Louis Blues,3,,19150,,
2011-02-15,Toronto Maple Leafs,4,Boston Bruins,3,,17565,,
2011-02-15,Dallas Stars,1,Edmonton Oilers,4,,16839,,
2011-02-15,Vancouver Canucks,4,Minnesota Wild,1,,18106,,
2011-02-15,Buffalo Sabres,3,Montreal Canadiens,2,SO,21273,,
2011-02-15,San Jose Sharks,2,Nashville Predators,1,OT,14132,,
2011-02-15,New York Islanders,4,Ottawa Senators,3,SO,17565,,
2011-02-15,Philadelphia Flyers,4,Tampa Bay Lightning,3,SO,16950,,
2011-02-16,Washington Capitals,7,Anaheim Ducks,6,,15579,,
2011-02-16,Toronto Maple Leafs,2,Buffalo Sabres,1,,18414,,
2011-02-16,Los Angeles Kings,4,Columbus Blue Jackets,3,SO,12442,,
2011-02-16,Dallas Stars,2,Calgary Flames,4,,19289,,
2011-02-16,Minnesota Wild,1,Chicago Blackhawks,3,,21535,,
2011-02-16,Pittsburgh Penguins,3,Colorado Avalanche,2,OT,17357,,
2011-02-16,Philadelphia Flyers,4,Florida Panthers,2,,17077,,
2011-02-16,Carolina Hurricanes,2,New Jersey Devils,3,,14445,,
2011-02-17,Montreal Canadiens,1,Edmonton Oilers,4,,16839,,
2011-02-17,Vancouver Canucks,1,Nashville Predators,3,,15337,,
2011-02-17,Boston Bruins,6,New York Islanders,3,,12478,,
2011-02-17,Los Angeles Kings,3,New York Rangers,4,SO,18200,,
2011-02-17,Atlanta Thrashers,3,Phoenix Coyotes,4,,10576,,
2011-02-17,Washington Capitals,2,San Jose Sharks,3,,17562,,
2011-02-17,Detroit Red Wings,6,Tampa Bay Lightning,2,,20849,,
2011-02-18,St. Louis Blues,3,Buffalo Sabres,0,,18493,,
2011-02-18,Philadelphia Flyers,2,Carolina Hurricanes,3,,18726,,
2011-02-18,Columbus Blue Jackets,4,Chicago Blackhawks,3,,21708,,
2011-02-18,Detroit Red Wings,4,Florida Panthers,3,,19947,,
2011-02-18,Anaheim Ducks,1,Minnesota Wild,5,,18967,,
2011-02-18,New York Rangers,0,New Jersey Devils,1,,17625,,
2011-02-18,Boston Bruins,4,Ottawa Senators,2,,18521,,
2011-02-19,New Jersey Devils,4,Carolina Hurricanes,1,,17890,,
2011-02-19,Atlanta Thrashers,3,Edmonton Oilers,5,,16839,,
2011-02-19,Phoenix Coyotes,3,Nashville Predators,2,,17113,,
2011-02-19,Los Angeles Kings,0,New York Islanders,3,,13119,,
2011-02-19,Colorado Avalanche,0,San Jose Sharks,4,,17562,,
2011-02-19,Anaheim Ducks,3,St. Louis Blues,9,,19150,,
2011-02-19,Florida Panthers,3,Tampa Bay Lightning,2,SO,18710,,
2011-02-19,Ottawa Senators,1,Toronto Maple Leafs,0,SO,19460,,
2011-02-19,Dallas Stars,2,Vancouver Canucks,5,,18860,,
2011-02-20,Washington Capitals,2,Buffalo Sabres,1,,18690,,
2011-02-20,Montreal Canadiens,0,Calgary Flames,4,,41022,,NHL Heritage Classic
2011-02-20,Pittsburgh Penguins,2,Chicago Blackhawks,3,SO,22195,,
2011-02-20,Detroit Red Wings,2,Minnesota Wild,1,SO,18912,,
2011-02-20,Philadelphia Flyers,4,New York Rangers,2,,18200,,
2011-02-21,Florida Panthers,1,New York Islanders,5,,13729,,
2011-02-21,Washington Capitals,1,Pittsburgh Penguins,0,,18263,,
2011-02-21,Chicago Blackhawks,5,St. Louis Blues,3,,19150,,
2011-02-22,New York Rangers,4,Carolina Hurricanes,3,SO,17932,,
2011-02-22,Nashville Predators,0,Columbus Blue Jackets,4,,12457,,
2011-02-22,Boston Bruins,3,Calgary Flames,1,,19289,,
2011-02-22,New Jersey Devils,1,Dallas Stars,0,,13652,,
2011-02-22,San Jose Sharks,4,Detroit Red Wings,3,,20066,,
2011-02-22,Edmonton Oilers,1,Minnesota Wild,4,,17321,,
2011-02-22,Phoenix Coyotes,3,Philadelphia Flyers,2,OT,19875,,
2011-02-22,Colorado Avalanche,4,St. Louis Blues,3,,19150,,
2011-02-22,New York Islanders,1,Toronto Maple Leafs,2,,19459,,
2011-02-22,Montreal Canadiens,3,Vancouver Canucks,2,,18860,,
2011-02-23,Los Angeles Kings,3,Anaheim Ducks,2,,17174,,
2011-02-23,Atlanta Thrashers,1,Buffalo Sabres,4,,18690,,
2011-02-23,Edmonton Oilers,5,Colorado Avalanche,1,,14801,,
2011-02-23,Florida Panthers,1,Ottawa Senators,5,,16520,,
2011-02-23,San Jose Sharks,3,Pittsburgh Penguins,2,OT,18253,,
2011-02-23,Phoenix Coyotes,3,Tampa Bay Lightning,8,,15104,,
2011-02-24,Dallas Stars,4,Detroit Red Wings,1,,20066,,
2011-02-24,Minnesota Wild,2,Los Angeles Kings,4,,18118,,
2011-02-24,Toronto Maple Leafs,5,Montreal Canadiens,4,,21273,,
2011-02-24,Chicago Blackhawks,3,Nashville Predators,0,,17113,,
2011-02-24,New York Islanders,3,Philadelphia Flyers,4,OT,19776,,
2011-02-24,St. Louis Blues,2,Vancouver Canucks,3,,18860,,
2011-02-25,Minnesota Wild,3,Anaheim Ducks,2,OT,13617,,
2011-02-25,Florida Panthers,2,Atlanta Thrashers,1,SO,14046,,
2011-02-25,Ottawa Senators,2,Buffalo Sabres,4,,18690,,
2011-02-25,Pittsburgh Penguins,1,Carolina Hurricanes,4,,18719,,
2011-02-25,Phoenix Coyotes,3,Columbus Blue Jackets,5,,16771,,
2011-02-25,San Jose Sharks,4,Calgary Flames,3,SO,19289,,
2011-02-25,St. Louis Blues,5,Edmonton Oilers,0,,16839,,
2011-02-25,New Jersey Devils,1,Tampa Bay Lightning,2,,19563,,
2011-02-25,New York Rangers,6,Washington Capitals,0,,18398,,
2011-02-26,Detroit Red Wings,3,Buffalo Sabres,2,SO,18690,,
2011-02-26,Nashville Predators,2,Dallas Stars,3,,15860,,
2011-02-26,Colorado Avalanche,3,Los Angeles Kings,4,,18118,,
2011-02-26,Carolina Hurricanes,3,Montreal Canadiens,4,,21273,,
2011-02-26,Washington Capitals,3,New York Islanders,2,,16250,,
2011-02-26,Philadelphia Flyers,1,Ottawa Senators,4,,19934,,
2011-02-26,Pittsburgh Penguins,6,Toronto Maple Leafs,5,SO,19551,,
2011-02-26,Boston Bruins,3,Vancouver Canucks,1,,18860,,
2011-02-27,Colorado Avalanche,2,Anaheim Ducks,3,,14510,,
2011-02-27,Toronto Maple Leafs,2,Atlanta Thrashers,3,OT,13147,,
2011-02-27,St. Louis Blues,0,Calgary Flames,1,,19289,,
2011-02-27,Phoenix Coyotes,3,Chicago Blackhawks,4,SO,21473,,
2011-02-27,Boston Bruins,3,Edmonton Oilers,2,,16839,,
2011-02-27,New Jersey Devils,2,Florida Panthers,1,,16592,,
2011-02-27,Columbus Blue Jackets,2,Nashville Predators,3,,16340,,
2011-02-27,Tampa Bay Lightning,2,New York Rangers,1,,18200,,
2011-02-28,Detroit Red Wings,7,Los Angeles Kings,4,,18118,,
2011-02-28,Chicago Blackhawks,4,Minnesota Wild,2,,19155,,
2011-03-01,Montreal Canadiens,3,Atlanta Thrashers,1,,11156,,
2011-03-01,Florida Panthers,1,Carolina Hurricanes,2,,16252,,
2011-03-01,Nashville Predators,1,Edmonton Oilers,2,SO,16839,,
2011-03-01,Buffalo Sabres,3,New York Rangers,2,,18200,,
2011-03-01,Boston Bruins,1,Ottawa Senators,0,,16826,,
2011-03-01,Dallas Stars,3,Phoenix Coyotes,2,,15751,,
2011-03-01,Colorado Avalanche,1,San Jose Sharks,2,SO,17562,,
2011-03-01,Calgary Flames,6,St. Louis Blues,0,,19150,,
2011-03-01,Columbus Blue Jackets,1,Vancouver Canucks,2,SO,18860,,
2011-03-01,New York Islanders,1,Washington Capitals,2,OT,18398,,
2011-03-02,Detroit Red Wings,1,Anaheim Ducks,2,OT,15098,,
2011-03-02,Calgary Flames,4,Chicago Blackhawks,6,,20896,,
2011-03-02,Tampa Bay Lightning,1,New Jersey Devils,2,,12857,,
2011-03-02,Minnesota Wild,1,New York Islanders,4,,7098,,
2011-03-02,Pittsburgh Penguins,2,Toronto Maple Leafs,3,OT,19473,,
2011-03-03,Ottawa Senators,3,Atlanta Thrashers,1,,10461,,
2011-03-03,Tampa Bay Lightning,1,Boston Bruins,2,,17565,,
2011-03-03,Buffalo Sabres,2,Carolina Hurricanes,3,OT,15213,,
2011-03-03,Columbus Blue Jackets,2,Edmonton Oilers,4,,16839,,
2011-03-03,Montreal Canadiens,4,Florida Panthers,0,,19722,,
2011-03-03,Phoenix Coyotes,0,Los Angeles Kings,1,,18118,,
2011-03-03,Minnesota Wild,3,New York Rangers,1,,18200,,
2011-03-03,Toronto Maple Leafs,3,Philadelphia Flyers,2,,19811,,
2011-03-03,Detroit Red Wings,1,San Jose Sharks,3,,17562,,
2011-03-03,Nashville Predators,3,Vancouver Canucks,0,,18860,,
2011-03-03,St. Louis Blues,2,Washington Capitals,3,,18398,,
2011-03-04,Dallas Stars,3,Anaheim Ducks,4,OT,12883,,
2011-03-04,Columbus Blue Jackets,3,Calgary Flames,4,,19289,,
2011-03-04,Carolina Hurricanes,2,Chicago Blackhawks,5,,21830,,
2011-03-04,Pittsburgh Penguins,1,New Jersey Devils,2,OT,17625,,
2011-03-04,New York Rangers,4,Ottawa Senators,1,,17497,,
2011-03-05,Florida Panthers,3,Atlanta Thrashers,4,OT,15799,,
2011-03-05,Pittsburgh Penguins,3,Boston Bruins,2,OT,17565,,
2011-03-05,Edmonton Oilers,5,Colorado Avalanche,1,,15869,,
2011-03-05,Vancouver Canucks,3,Los Angeles Kings,1,,18118,,
2011-03-05,St. Louis Blues,2,New York Islanders,5,,10354,,
2011-03-05,Buffalo Sabres,5,Philadelphia Flyers,3,,19901,,
2011-03-05,Detroit Red Wings,4,Phoenix Coyotes,5,SO,17382,,
2011-03-05,Dallas Stars,3,San Jose Sharks,2,,17562,,
2011-03-05,Montreal Canadiens,4,Tampa Bay Lightning,2,,20274,,
2011-03-05,Chicago Blackhawks,5,Toronto Maple Leafs,3,,19646,,
2011-03-06,Vancouver Canucks,3,Anaheim Ducks,0,,16356,,
2011-03-06,Nashville Predators,2,Calgary Flames,3,,19289,,
2011-03-06,Washington Capitals,3,Florida Panthers,2,OT,15685,,
2011-03-06,Buffalo Sabres,3,Minnesota Wild,2,OT,18091,,
2011-03-06,New Jersey Devils,3,New York Islanders,2,SO,15893,,
2011-03-06,Philadelphia Flyers,0,New York Rangers,7,,18200,,
2011-03-07,Dallas Stars,4,Los Angeles Kings,3,OT,18118,,
2011-03-07,Columbus Blue Jackets,4,St. Louis Blues,5,SO,19150,,
2011-03-07,Washington Capitals,2,Tampa Bay Lightning,1,SO,16835,,
2011-03-08,Chicago Blackhawks,2,Florida Panthers,3,,16132,,
2011-03-08,Colorado Avalanche,2,Minnesota Wild,5,,18441,,
2011-03-08,Boston Bruins,1,Montreal Canadiens,4,,21273,,
2011-03-08,Ottawa Senators,2,New Jersey Devils,1,,15978,,
2011-03-08,Toronto Maple Leafs,3,New York Islanders,4,OT,9217,,
2011-03-08,Edmonton Oilers,1,Philadelphia Flyers,4,,19730,,
2011-03-08,Vancouver Canucks,4,Phoenix Coyotes,3,OT,12843,,
2011-03-08,Buffalo Sabres,1,Pittsburgh Penguins,3,,18314,,
2011-03-08,Nashville Predators,2,San Jose Sharks,3,OT,17562,,
2011-03-09,New York Rangers,2,Anaheim Ducks,5,,14251,,
2011-03-09,Atlanta Thrashers,3,Carolina Hurricanes,2,OT,16126,,
2011-03-09,St. Louis Blues,4,Columbus Blue Jackets,3,OT,11508,,
2011-03-09,Calgary Flames,4,Dallas Stars,3,SO,14476,,
2011-03-09,Los Angeles Kings,2,Detroit Red Wings,1,,20066,,
2011-03-09,Chicago Blackhawks,3,Tampa Bay Lightning,4,SO,19912,,
2011-03-09,Edmonton Oilers,0,Washington Capitals,5,,18398,,
2011-03-10,Buffalo Sabres,4,Boston Bruins,3,OT,17565,,
2011-03-10,Ottawa Senators,2,Florida Panthers,1,,12310,,
2011-03-10,Minnesota Wild,0,Nashville Predators,4,,15343,,
2011-03-10,Calgary Flames,0,Phoenix Coyotes,3,,13003,,
2011-03-10,Vancouver Canucks,5,San Jose Sharks,4,SO,17562,,
2011-03-10,Montreal Canadiens,1,St. Louis Blues,4,,19150,,
2011-03-10,Philadelphia Flyers,3,Toronto Maple Leafs,2,,19475,,
2011-03-11,New Jersey Devils,3,Atlanta Thrashers,2,OT,16073,,
2011-03-11,Los Angeles Kings,4,Columbus Blue Jackets,2,,15605,,
2011-03-11,Anaheim Ducks,6,Colorado Avalanche,2,,16244,,
2011-03-11,Minnesota Wild,0,Dallas Stars,4,,14545,,
2011-03-11,Edmonton Oilers,1,Detroit Red Wings,2,OT,20066,,
2011-03-11,Boston Bruins,2,New York Islanders,4,,12119,,
2011-03-11,Ottawa Senators,2,Tampa Bay Lightning,1,,18777,,
2011-03-11,Carolina Hurricanes,1,Washington Capitals,2,,18398,,
2011-03-12,Columbus Blue Jackets,3,Carolina Hurricanes,2,,18680,,
2011-03-12,Vancouver Canucks,4,Calgary Flames,3,,19289,,
2011-03-12,Tampa Bay Lightning,3,Florida Panthers,4,OT,16607,,
2011-03-12,New York Islanders,2,New Jersey Devils,3,OT,17625,,
2011-03-12,Colorado Avalanche,2,Nashville Predators,4,,17113,,
2011-03-12,Atlanta Thrashers,5,Philadelphia Flyers,4,OT,19892,,
2011-03-12,Montreal Canadiens,3,Pittsburgh Penguins,0,,18310,,
2011-03-12,New York Rangers,3,San Jose Sharks,2,SO,17562,,
2011-03-12,Detroit Red Wings,5,St. Louis Blues,3,,19150,,
2011-03-12,Buffalo Sabres,3,Toronto Maple Leafs,4,,19347,,
2011-03-13,Phoenix Coyotes,5,Anaheim Ducks,2,,14326,,
2011-03-13,Ottawa Senators,4,Buffalo Sabres,6,,18690,,
2011-03-13,Los Angeles Kings,3,Dallas Stars,2,,15627,,
2011-03-13,Edmonton Oilers,1,Pittsburgh Penguins,5,,18197,,
2011-03-13,Chicago Blackhawks,3,Washington Capitals,4,OT,18398,,
2011-03-14,San Jose Sharks,3,Chicago Blackhawks,6,,22094,,
2011-03-14,Tampa Bay Lightning,6,Toronto Maple Leafs,2,,19410,,
2011-03-14,Minnesota Wild,2,Vancouver Canucks,4,,18860,,
2011-03-15,Carolina Hurricanes,1,Buffalo Sabres,0,,18690,,
2011-03-15,Boston Bruins,3,Columbus Blue Jackets,2,SO,12282,,
2011-03-15,Phoenix Coyotes,4,Calgary Flames,3,,19289,,
2011-03-15,San Jose Sharks,6,Dallas Stars,3,,16724,,
2011-03-15,Philadelphia Flyers,3,Florida Panthers,2,,17377,,
2011-03-15,Washington Capitals,4,Montreal Canadiens,2,,21273,,
2011-03-15,Atlanta Thrashers,2,New Jersey Devils,4,,16188,,
2011-03-15,Los Angeles Kings,4,Nashville Predators,2,,15761,,
2011-03-15,New York Islanders,3,New York Rangers,6,,18200,,
2011-03-15,Pittsburgh Penguins,5,Ottawa Senators,1,,19249,,
2011-03-16,St. Louis Blues,1,Anaheim Ducks,2,,12604,,
2011-03-16,Toronto Maple Leafs,3,Carolina Hurricanes,1,,15220,,
2011-03-16,Washington Capitals,2,Detroit Red Wings,3,,20066,,
2011-03-16,Colorado Avalanche,2,Vancouver Canucks,4,,18860,,
2011-03-17,Philadelphia Flyers,3,Atlanta Thrashers,4,SO,16502,,
2011-03-17,Detroit Red Wings,2,Columbus Blue Jackets,0,,14444,,
2011-03-17,Colorado Avalanche,2,Calgary Flames,5,,19289,,
2011-03-17,Chicago Blackhawks,0,Dallas Stars,5,,14830,,
2011-03-17,Phoenix Coyotes,3,Edmonton Oilers,1,,16839,,
2011-03-17,Toronto Maple Leafs,0,Florida Panthers,4,,16970,,
2011-03-17,St. Louis Blues,4,Los Angeles Kings,0,,18118,,
2011-03-17,Tampa Bay Lightning,2,Montreal Canadiens,3,SO,21273,,
2011-03-17,Boston Bruins,3,Nashville Predators,4,OT,16839,,
2011-03-17,New Jersey Devils,1,Ottawa Senators,3,,17758,,
2011-03-17,Minnesota Wild,2,San Jose Sharks,3,,17562,,
2011-03-18,New York Islanders,2,Carolina Hurricanes,3,OT,17686,,
2011-03-18,Washington Capitals,3,New Jersey Devils,0,,17625,,
2011-03-18,Montreal Canadiens,3,New York Rangers,6,,18200,,
2011-03-18,Phoenix Coyotes,3,Vancouver Canucks,1,,18860,,
2011-03-19,Atlanta Thrashers,2,Buffalo Sabres,8,,18690,,
2011-03-19,Philadelphia Flyers,3,Dallas Stars,2,SO,17652,,
2011-03-19,Colorado Avalanche,3,Edmonton Oilers,2,SO,16839,,
2011-03-19,New York Islanders,4,Florida Panthers,3,SO,16502,,
2011-03-19,Anaheim Ducks,2,Los Angeles Kings,1,OT,18118,,
2011-03-19,Columbus Blue Jackets,5,Minnesota Wild,4,OT,18305,,
2011-03-19,Detroit Red Wings,1,Nashville Predators,3,,17113,,
2011-03-19,Tampa Bay Lightning,2,Ottawa Senators,3,OT,18813,,
2011-03-19,St. Louis Blues,3,San Jose Sharks,5,,17562,,
2011-03-19,Boston Bruins,2,Toronto Maple Leafs,5,,19512,,
2011-03-20,Calgary Flames,4,Anaheim Ducks,5,OT,15177,,
2011-03-20,Nashville Predators,4,Buffalo Sabres,3,OT,18690,,
2011-03-20,New Jersey Devils,3,Columbus Blue Jackets,0,,13043,,
2011-03-20,Montreal Canadiens,8,Minnesota Wild,1,,18595,,
2011-03-20,Chicago Blackhawks,2,Phoenix Coyotes,1,,17328,,
2011-03-20,New York Rangers,5,Pittsburgh Penguins,2,,18278,,
2011-03-21,Pittsburgh Penguins,5,Detroit Red Wings,4,SO,20066,,
2011-03-21,Calgary Flames,1,Los Angeles Kings,2,SO,18118,,
2011-03-22,New Jersey Devils,1,Boston Bruins,4,,17565,,
2011-03-22,Ottawa Senators,3,Carolina Hurricanes,4,,16189,,
2011-03-22,Columbus Blue Jackets,4,Colorado Avalanche,5,SO,12301,,
2011-03-22,Toronto Maple Leafs,3,Minnesota Wild,0,,18761,,
2011-03-22,Buffalo Sabres,2,Montreal Canadiens,0,,21273,,
2011-03-22,Edmonton Oilers,1,Nashville Predators,3,,15745,,
2011-03-22,Florida Panthers,0,New York Rangers,1,,18200,,
2011-03-22,Washington Capitals,5,Philadelphia Flyers,4,SO,19893,,
2011-03-22,St. Louis Blues,1,Phoenix Coyotes,2,,10977,,
2011-03-22,New York Islanders,5,Tampa Bay Lightning,2,,17400,,
2011-03-23,Florida Panthers,0,Chicago Blackhawks,4,,21713,,
2011-03-23,Anaheim Ducks,4,Dallas Stars,3,OT,16021,,
2011-03-23,Vancouver Canucks,2,Detroit Red Wings,1,,20066,,
2011-03-23,Calgary Flames,3,San Jose Sharks,6,,17562,,
2011-03-24,Montreal Canadiens,0,Boston Bruins,7,,17565,,
2011-03-24,Toronto Maple Leafs,4,Colorado Avalanche,3,,14364,,
2011-03-24,San Jose Sharks,3,Los Angeles Kings,4,SO,18118,,
2011-03-24,Anaheim Ducks,4,Nashville Predators,5,,17113,,
2011-03-24,Atlanta Thrashers,2,New York Islanders,1,,11874,,
2011-03-24,Ottawa Senators,2,New York Rangers,1,SO,18200,,
2011-03-24,Pittsburgh Penguins,2,Philadelphia Flyers,1,SO,19902,,
2011-03-24,Columbus Blue Jackets,0,Phoenix Coyotes,3,,11172,,
2011-03-24,Edmonton Oilers,0,St. Louis Blues,4,,19150,,
2011-03-25,Vancouver Canucks,3,Atlanta Thrashers,1,,16237,,
2011-03-25,Florida Panthers,2,Buffalo Sabres,4,,18690,,
2011-03-25,Washington Capitals,0,Ottawa Senators,2,,18329,,
2011-03-25,New Jersey Devils,0,Pittsburgh Penguins,1,SO,18329,,
2011-03-25,Carolina Hurricanes,4,Tampa Bay Lightning,3,,16656,,
2011-03-26,New York Rangers,1,Boston Bruins,0,,17565,,
2011-03-26,New Jersey Devils,0,Buffalo Sabres,2,,18690,,
2011-03-26,Tampa Bay Lightning,4,Carolina Hurricanes,2,,17264,,
2011-03-26,Anaheim Ducks,2,Chicago Blackhawks,1,,22115,,
2011-03-26,Toronto Maple Leafs,2,Detroit Red Wings,4,,20066,,
2011-03-26,Calgary Flames,5,Edmonton Oilers,4,SO,16839,,
2011-03-26,Colorado Avalanche,1,Los Angeles Kings,4,,18118,,
2011-03-26,St. Louis Blues,6,Minnesota Wild,3,,18112,,
2011-03-26,Washington Capitals,2,Montreal Canadiens,0,,21273,,
2011-03-26,Dallas Stars,2,Nashville Predators,4,,16892,,
2011-03-26,Philadelphia Flyers,4,New York Islanders,1,,15458,,
2011-03-26,San Jose Sharks,4,Phoenix Coyotes,1,,16394,,
2011-03-27,Ottawa Senators,4,Atlanta Thrashers,5,SO,16392,,
2011-03-27,Vancouver Canucks,4,Columbus Blue Jackets,1,,14469,,
2011-03-27,Boston Bruins,2,Philadelphia Flyers,1,,19927,,
2011-03-27,Florida Panthers,1,Pittsburgh Penguins,2,SO,18270,,
2011-03-28,Colorado Avalanche,4,Anaheim Ducks,5,,14336,,
2011-03-28,Chicago Blackhawks,3,Detroit Red Wings,2,OT,20066,,
2011-03-29,Chicago Blackhawks,0,Boston Bruins,3,,17565,,
2011-03-29,Florida Panthers,2,Columbus Blue Jackets,3,SO,11670,,
2011-03-29,Los Angeles Kings,2,Edmonton Oilers,0,,16839,,
2011-03-29,Atlanta Thrashers,1,Montreal Canadiens,3,,21273,,
2011-03-29,Vancouver Canucks,3,Nashville Predators,1,,15960,,
2011-03-29,Dallas Stars,1,Phoenix Coyotes,2,SO,12541,,
2011-03-29,Philadelphia Flyers,5,Pittsburgh Penguins,2,,18335,,
2011-03-29,Minnesota Wild,3,St. Louis Blues,2,SO,19150,,
2011-03-29,Ottawa Senators,2,Tampa Bay Lightning,5,,16626,,
2011-03-29,Buffalo Sabres,3,Toronto Maple Leafs,4,,19483,,
2011-03-29,Carolina Hurricanes,3,Washington Capitals,2,SO,18398,,
2011-03-30,New York Rangers,0,Buffalo Sabres,1,,18690,,
2011-03-30,Montreal Canadiens,2,Carolina Hurricanes,6,,18701,,
2011-03-30,Anaheim Ducks,4,Calgary Flames,2,,19289,,
2011-03-30,St. Louis Blues,10,Detroit Red Wings,3,,20066,,
2011-03-30,New York Islanders,2,New Jersey Devils,3,,16252,,
2011-03-31,Toronto Maple Leafs,4,Boston Bruins,3,SO,17565,,
2011-03-31,Nashville Predators,3,Colorado Avalanche,2,,13239,,
2011-03-31,Ottawa Senators,4,Florida Panthers,1,,15672,,
2011-03-31,Edmonton Oilers,2,Minnesota Wild,4,,18120,,
2011-03-31,New York Rangers,2,New York Islanders,6,,16250,,
2011-03-31,Atlanta Thrashers,1,Philadelphia Flyers,0,,19879,,
2011-03-31,Dallas Stars,0,San Jose Sharks,6,,17562,,
2011-03-31,Pittsburgh Penguins,1,Tampa Bay Lightning,2,,20126,,
2011-03-31,Los Angeles Kings,1,Vancouver Canucks,3,,18860,,
2011-03-31,Columbus Blue Jackets,3,Washington Capitals,4,OT,18398,,
2011-04-01,Chicago Blackhawks,4,Columbus Blue Jackets,3,SO,16217,,
2011-04-01,Philadelphia Flyers,2,New Jersey Devils,4,,17625,,
2011-04-01,Colorado Avalanche,4,Phoenix Coyotes,3,SO,15739,,
2011-04-01,Calgary Flames,3,St. Louis Blues,2,,19150,,
2011-04-02,Atlanta Thrashers,2,Boston Bruins,3,,17565,,
2011-04-02,Pittsburgh Penguins,4,Florida Panthers,2,,18178,,
2011-04-02,Dallas Stars,1,Los Angeles Kings,3,,18118,,
2011-04-02,Tampa Bay Lightning,3,Minnesota Wild,1,,18591,,
2011-04-02,Montreal Canadiens,3,New Jersey Devils,1,,17625,,
2011-04-02,Detroit Red Wings,4,Nashville Predators,3,OT,17113,,
2011-04-02,Carolina Hurricanes,4,New York Islanders,2,,16250,,
2011-04-02,Toronto Maple Leafs,4,Ottawa Senators,2,,19243,,
2011-04-02,Anaheim Ducks,2,San Jose Sharks,4,,17562,,
2011-04-02,Edmonton Oilers,4,Vancouver Canucks,1,,18860,,
2011-04-02,Buffalo Sabres,4,Washington Capitals,5,OT,18398,,
2011-04-03,Dallas Stars,4,Anaheim Ducks,3,,16424,,
2011-04-03,Buffalo Sabres,2,Carolina Hurricanes,1,OT,18740,,
2011-04-03,St. Louis Blues,6,Columbus Blue Jackets,1,,13538,,
2011-04-03,Tampa Bay Lightning,2,Chicago Blackhawks,0,,21587,,
2011-04-03,Calgary Flames,2,Colorado Avalanche,1,,13896,,
2011-04-03,Minnesota Wild,2,Detroit Red Wings,4,,20066,,
2011-04-03,New York Rangers,3,Philadelphia Flyers,2,SO,19788,,
2011-04-04,Boston Bruins,3,New York Rangers,5,,18200,,
2011-04-04,Los Angeles Kings,1,San Jose Sharks,6,,17562,,
2011-04-05,Tampa Bay Lightning,2,Buffalo Sabres,4,,18690,,
2011-04-05,Columbus Blue Jackets,0,Dallas Stars,3,,16012,,
2011-04-05,Vancouver Canucks,0,Edmonton Oilers,2,,16839,,
2011-04-05,Chicago Blackhawks,1,Montreal Canadiens,2,OT,21273,,
2011-04-05,Atlanta Thrashers,3,Nashville Predators,6,,16756,,
2011-04-05,Philadelphia Flyers,2,Ottawa Senators,5,,18397,,
2011-04-05,New Jersey Devils,2,Pittsburgh Penguins,4,,18331,,
2011-04-05,Colorado Avalanche,1,St. Louis Blues,3,,19150,,
2011-04-05,Washington Capitals,3,Toronto Maple Leafs,2,SO,19509,,
2011-04-06,San Jose Sharks,2,Anaheim Ducks,6,,15649,,
2011-04-06,New York Islanders,2,Boston Bruins,3,,17565,,
2011-04-06,Detroit Red Wings,0,Carolina Hurricanes,3,,17602,,
2011-04-06,Edmonton Oilers,1,Calgary Flames,6,,19289,,
2011-04-06,St. Louis Blues,3,Chicago Blackhawks,4,OT,21435,,
2011-04-06,Phoenix Coyotes,2,Los Angeles Kings,3,SO,18118,,
2011-04-06,Toronto Maple Leafs,2,New Jersey Devils,4,,14207,,
2011-04-06,Florida Panthers,2,Washington Capitals,5,,18398,,
2011-04-07,Colorado Avalanche,2,Dallas Stars,4,,15105,,
2011-04-07,Atlanta Thrashers,3,New York Rangers,0,,18200,,
2011-04-07,Montreal Canadiens,2,Ottawa Senators,3,OT,19809,,
2011-04-07,Minnesota Wild,0,Vancouver Canucks,5,,18860,,
2011-04-08,Los Angeles Kings,1,Anaheim Ducks,2,,17587,,
2011-04-08,Carolina Hurricanes,6,Atlanta Thrashers,1,,14652,,
2011-04-08,Philadelphia Flyers,3,Buffalo Sabres,4,OT,18690,,
2011-04-08,Dallas Stars,3,Colorado Avalanche,2,,14037,,
2011-04-08,Chicago Blackhawks,4,Detroit Red Wings,2,,20066,,
2011-04-08,Minnesota Wild,3,Edmonton Oilers,1,,16839,,
2011-04-08,Columbus Blue Jackets,1,Nashville Predators,4,,17113,,
2011-04-08,Pittsburgh Penguins,4,New York Islanders,3,SO,16250,,
2011-04-08,San Jose Sharks,3,Phoenix Coyotes,4,,17125,,
2011-04-08,Florida Panthers,2,Tampa Bay Lightning,4,,20444,,
2011-04-09,Ottawa Senators,1,Boston Bruins,3,,17565,,
2011-04-09,Tampa Bay Lightning,6,Carolina Hurricanes,2,,17805,,
2011-04-09,Buffalo Sabres,5,Columbus Blue Jackets,4,,18717,,
2011-04-09,Vancouver Canucks,3,Calgary Flames,2,OT,19289,,
2011-04-09,Washington Capitals,0,Florida Panthers,1,,18371,,
2011-04-09,Anaheim Ducks,3,Los Angeles Kings,1,,18203,,
2011-04-09,New Jersey Devils,2,New York Rangers,5,,18200,,
2011-04-09,New York Islanders,4,Philadelphia Flyers,7,,19909,,
2011-04-09,Phoenix Coyotes,1,San Jose Sharks,3,,17562,,
2011-04-09,Nashville Predators,0,St. Louis Blues,2,,19150,,
2011-04-09,Montreal Canadiens,4,Toronto Maple Leafs,1,,19676,,
2011-04-10,Pittsburgh Penguins,5,Atlanta Thrashers,2,,16085,,
2011-04-10,Detroit Red Wings,4,Chicago Blackhawks,3,,22046,,
2011-04-10,Edmonton Oilers,3,Colorado Avalanche,4,OT,17566,,
2011-04-10,Dallas Stars,3,Minnesota Wild,5,,18504,,
2011-04-10,Boston Bruins,2,New Jersey Devils,3,,17625,,